temperature in Â°C,description,date
18,Sunny,2022-09-11T09:56:21.661Z
18,Sunny,2022-09-11T08:58:36.264Z
15,Sunny,2022-09-11T07:56:28.378Z
15,Sunny,2022-09-11T07:00:37.753Z
15,Sunny,2022-09-11T06:01:51.315Z
15,Sunny,2022-09-11T05:31:13.398Z
15,Clear,2022-09-11T03:24:20.568Z
18,Clear,2022-09-10T23:57:39.010Z
18,Clear,2022-09-10T21:56:27.181Z
21,Clear,2022-09-10T20:56:23.868Z
21,Clear,2022-09-10T19:56:38.911Z
21,Clear,2022-09-10T18:59:29.189Z
21,Clear,2022-09-10T17:56:26.926Z
24,Partly cloudy,2022-09-10T15:57:01.651Z
24,Partly cloudy,2022-09-10T14:56:24.326Z
22,Partly cloudy,2022-09-10T11:56:26.267Z
22,Partly cloudy,2022-09-10T10:56:21.840Z
19,Light rain shower,2022-09-10T09:56:39.517Z
19,Light rain shower,2022-09-10T09:00:00.057Z
19,Light rain shower,2022-09-10T07:56:20.714Z
19,Light rain shower,2022-09-10T07:02:05.557Z
19,Partly cloudy,2022-09-10T06:11:53.444Z
19,Partly cloudy,2022-09-10T05:04:05.642Z
19,Partly cloudy,2022-09-10T03:26:38.150Z
21,Light rain,2022-09-09T23:59:32.684Z
21,Light rain,2022-09-09T22:56:23.313Z
23,Clear,2022-09-09T21:56:22.283Z
23,Clear,2022-09-09T20:56:32.524Z
23,Clear,2022-09-09T19:56:28.625Z
21,Sunny,2022-09-09T10:57:29.290Z
21,Sunny,2022-09-09T09:01:30.524Z
19,Clear,2022-09-09T06:21:23.334Z
19,Clear,2022-09-08T23:59:28.246Z
23,Clear,2022-09-08T22:56:25.780Z
23,Clear,2022-09-08T21:56:24.079Z
23,Clear,2022-09-08T20:57:05.965Z
28,Sunny,2022-09-08T19:56:29.003Z
28,Sunny,2022-09-08T17:58:22.586Z
28,Sunny,2022-09-08T17:19:07.926Z
30,Sunny,2022-09-08T14:56:41.476Z
25,Sunny,2022-09-08T11:56:30.938Z
25,Sunny,2022-09-08T10:57:22.167Z
25,Sunny,2022-09-08T09:56:45.788Z
25,Sunny,2022-09-08T09:00:48.259Z
18,Sunny,2022-09-08T07:58:13.413Z
18,Sunny,2022-09-08T07:19:28.636Z
18,Sunny,2022-09-08T05:10:35.349Z
18,Clear,2022-09-08T03:27:45.002Z
21,Clear,2022-09-08T00:00:57.010Z
21,Clear,2022-09-07T22:56:27.591Z
21,Clear,2022-09-07T21:56:29.172Z
25,Clear,2022-09-07T20:57:29.855Z
25,Clear,2022-09-07T19:56:29.531Z
25,Clear,2022-09-07T18:59:30.167Z
25,Clear,2022-09-07T17:59:04.454Z
29,Sunny,2022-09-07T17:18:13.494Z
,,2022-09-07T13:39:26.469Z
,,2022-09-07T11:56:31.801Z
25,Sunny,2022-09-07T10:56:50.475Z
25,Sunny,2022-09-07T09:57:03.258Z
18,Sunny,2022-09-07T09:00:38.126Z
18,Sunny,2022-09-07T08:08:53.489Z
15,Clear,2022-09-07T05:20:49.788Z
15,Clear,2022-09-07T03:33:31.073Z
17,Clear,2022-09-06T23:58:16.162Z
20,Clear,2022-09-06T21:57:06.839Z
20,Clear,2022-09-06T20:56:33.461Z
20,Clear,2022-09-06T19:56:26.857Z
20,Clear,2022-09-06T18:59:37.935Z
26,Sunny,2022-09-06T17:56:21.050Z
26,Sunny,2022-09-06T17:11:36.451Z
26,Sunny,2022-09-06T15:56:55.909Z
27,Sunny,2022-09-06T14:09:04.380Z
26,Partly cloudy,2022-09-06T13:31:50.423Z
26,Partly cloudy,2022-09-06T11:56:22.492Z
20,Sunny,2022-09-06T08:00:02.720Z
20,Sunny,2022-09-06T07:28:39.829Z
15,Clear,2022-09-06T06:45:56.012Z
15,Clear,2022-09-06T05:18:27.819Z
15,Clear,2022-09-06T03:34:18.010Z
16,Clear,2022-09-05T23:56:59.878Z
18,Clear,2022-09-05T22:56:32.485Z
18,Clear,2022-09-05T21:56:28.579Z
18,Clear,2022-09-05T20:56:21.279Z
18,Clear,2022-09-05T19:56:24.459Z
25,Sunny,2022-09-05T18:58:31.395Z
25,Sunny,2022-09-05T17:56:26.895Z
25,Sunny,2022-09-05T17:10:30.238Z
25,Partly cloudy,2022-09-05T15:56:22.401Z
25,Partly cloudy,2022-09-05T14:56:19.315Z
25,Partly cloudy,2022-09-05T14:08:05.233Z
26,Partly cloudy,2022-09-05T13:31:04.360Z
21,Sunny,2022-09-05T11:56:38.562Z
21,Sunny,2022-09-05T08:58:05.826Z
14,Sunny,2022-09-05T07:58:13.289Z
14,Sunny,2022-09-05T07:21:10.862Z
14,Sunny,2022-09-05T06:34:15.761Z
14,Sunny,2022-09-05T05:14:00.284Z
17,Partly cloudy,2022-09-05T03:30:09.889Z
18,Clear,2022-09-04T23:56:22.226Z
18,Clear,2022-09-04T22:56:38.528Z
18,Clear,2022-09-04T21:56:24.597Z
22,Clear,2022-09-04T20:56:24.219Z
22,Clear,2022-09-04T19:56:36.224Z
22,Clear,2022-09-04T18:56:44.661Z
22,Clear,2022-09-04T17:56:27.017Z
24,Partly cloudy,2022-09-04T17:06:27.019Z
24,Partly cloudy,2022-09-04T15:56:19.708Z
24,Partly cloudy,2022-09-04T14:56:29.994Z
24,Partly cloudy,2022-09-04T13:56:29.285Z
23,Partly cloudy,2022-09-04T13:19:06.359Z
23,Partly cloudy,2022-09-04T11:56:22.014Z
23,Partly cloudy,2022-09-04T10:56:21.911Z
23,Partly cloudy,2022-09-04T09:56:25.411Z
15,Clear,2022-09-04T05:27:35.416Z
15,Clear,2022-09-04T04:53:52.851Z
15,Clear,2022-09-04T03:25:09.820Z
17,Clear,2022-09-03T23:56:18.908Z
17,Clear,2022-09-03T22:56:37.112Z
19,Clear,2022-09-03T21:56:37.466Z
19,Clear,2022-09-03T19:56:34.498Z
19,Clear,2022-09-03T18:56:40.706Z
22,Partly cloudy,2022-09-03T17:56:31.710Z
22,Partly cloudy,2022-09-03T14:56:31.754Z
21,Partly cloudy,2022-09-03T13:56:20.446Z
21,Partly cloudy,2022-09-03T13:17:38.158Z
21,Partly cloudy,2022-09-03T11:56:22.173Z
21,Partly cloudy,2022-09-03T10:56:25.523Z
19,Partly cloudy,2022-09-03T09:56:30.798Z
19,Partly cloudy,2022-09-03T08:57:27.621Z
19,Partly cloudy,2022-09-03T07:56:23.189Z
,,2022-09-02T23:56:27.700Z
15,Partly cloudy,2022-09-02T18:58:02.877Z
15,Partly cloudy,2022-09-02T17:56:29.489Z
15,Partly cloudy,2022-09-02T17:10:47.190Z
15,Partly cloudy,2022-09-02T15:56:26.420Z
15,Partly cloudy,2022-09-02T14:56:28.646Z
,,2022-09-02T13:29:05.875Z
14,Light rain,2022-09-02T11:56:37.547Z
14,Light rain,2022-09-02T10:56:37.776Z
14,Light rain,2022-09-02T09:56:35.498Z
14,Light rain,2022-09-02T08:58:07.173Z
14,Light rain,2022-09-02T07:56:28.842Z
14,Light rain,2022-09-02T07:13:21.259Z
14,Light rain,2022-09-02T06:27:49.868Z
14,Light rain,2022-09-02T05:14:07.828Z
16,Partly cloudy,2022-09-02T03:27:31.793Z
17,Partly cloudy,2022-09-01T23:56:37.225Z
17,Partly cloudy,2022-09-01T22:56:29.113Z
17,Partly cloudy,2022-09-01T21:56:34.402Z
17,Partly cloudy,2022-09-01T20:56:34.193Z
18,Partly cloudy,2022-09-01T19:56:27.700Z
18,Partly cloudy,2022-09-01T18:59:05.664Z
18,Partly cloudy,2022-09-01T17:56:29.332Z
18,Partly cloudy,2022-09-01T17:11:26.426Z
19,Partly cloudy,2022-09-01T15:57:17.126Z
19,Partly cloudy,2022-09-01T14:56:27.673Z
19,Partly cloudy,2022-09-01T13:59:00.327Z
15,Partly cloudy,2022-09-01T11:56:35.268Z
15,Partly cloudy,2022-09-01T10:56:20.361Z
15,Partly cloudy,2022-09-01T09:56:28.956Z
19,Rain with thunderstorm,2022-09-01T08:59:34.992Z
19,Rain with thunderstorm,2022-09-01T07:56:27.251Z
19,Rain with thunderstorm,2022-09-01T07:06:31.036Z
19,Rain with thunderstorm,2022-09-01T06:16:08.543Z
18,Clear,2022-09-01T05:04:27.114Z
18,Clear,2022-09-01T03:20:00.532Z
21,Clear,2022-08-31T23:56:18.849Z
21,Clear,2022-08-31T22:56:43.469Z
23,Clear,2022-08-31T21:56:23.263Z
23,Clear,2022-08-31T20:56:37.956Z
23,Clear,2022-08-31T19:56:40.714Z
23,Clear,2022-08-31T18:58:04.269Z
28,Sunny,2022-08-31T17:56:41.307Z
28,Sunny,2022-08-31T17:10:12.067Z
28,Sunny,2022-08-31T15:56:23.211Z
28,Sunny,2022-08-31T14:56:25.101Z
27,Partly cloudy,2022-08-31T13:30:05.506Z
27,Partly cloudy,2022-08-31T11:56:33.091Z
27,Partly cloudy,2022-08-31T10:56:43.612Z
20,Partly cloudy,2022-08-31T09:56:35.082Z
20,Partly cloudy,2022-08-31T08:58:28.666Z
20,Partly cloudy,2022-08-31T07:59:21.813Z
20,Partly cloudy,2022-08-31T07:27:16.472Z
18,Clear,2022-08-31T06:45:41.835Z
18,Clear,2022-08-31T05:18:57.185Z
18,Clear,2022-08-31T03:42:01.711Z
22,Clear,2022-08-30T23:56:20.841Z
21,Clear,2022-08-30T22:56:32.579Z
21,Clear,2022-08-30T21:56:31.138Z
21,Clear,2022-08-30T20:56:22.809Z
21,Clear,2022-08-30T19:56:24.121Z
28,Sunny,2022-08-30T18:57:14.241Z
28,Sunny,2022-08-30T17:56:35.383Z
28,Sunny,2022-08-30T17:12:28.419Z
23,Sunny,2022-08-30T10:56:29.798Z
,,2022-08-30T09:56:29.611Z
19,Sunny,2022-08-30T07:56:29.730Z
19,Sunny,2022-08-30T07:20:27.453Z
19,Sunny,2022-08-30T06:39:36.955Z
19,Sunny,2022-08-30T05:18:30.258Z
20,Partly cloudy,2022-08-30T03:31:34.965Z
20,Thunderstorm,2022-08-29T23:56:20.091Z
20,Thunderstorm,2022-08-29T22:56:24.479Z
20,Thunderstorm,2022-08-29T21:56:41.088Z
20,Thunderstorm,2022-08-29T20:56:34.071Z
25,"Thunderstorm, rain with thunderstorm",2022-08-29T19:56:24.232Z
25,"Thunderstorm, rain with thunderstorm",2022-08-29T18:58:04.562Z
25,"Thunderstorm, rain with thunderstorm",2022-08-29T17:56:33.290Z
25,"Thunderstorm, rain with thunderstorm",2022-08-29T17:10:07.669Z
29,Partly cloudy,2022-08-29T15:56:23.567Z
29,Partly cloudy,2022-08-29T14:56:25.622Z
29,Partly cloudy,2022-08-29T13:28:25.578Z
24,Partly cloudy,2022-08-29T11:56:28.044Z
24,Partly cloudy,2022-08-29T10:56:31.280Z
24,Partly cloudy,2022-08-29T09:56:23.223Z
20,Partly cloudy,2022-08-29T08:59:14.589Z
20,Partly cloudy,2022-08-29T07:56:30.067Z
20,Partly cloudy,2022-08-29T07:13:41.620Z
20,Partly cloudy,2022-08-29T06:34:39.003Z
20,Light rain,2022-08-29T05:14:28.439Z
20,Light rain,2022-08-29T03:25:00.318Z
25,"Thunderstorm, rain with thunderstorm",2022-08-28T23:56:30.217Z
25,"Thunderstorm, rain with thunderstorm",2022-08-28T22:56:21.670Z
25,"Thunderstorm, rain with thunderstorm",2022-08-28T21:56:34.979Z
27,Clear,2022-08-28T20:56:23.767Z
27,Clear,2022-08-28T19:56:38.624Z
27,Clear,2022-08-28T18:56:40.360Z
33,Partly cloudy,2022-08-28T17:56:40.229Z
33,Partly cloudy,2022-08-28T17:04:33.468Z
33,Partly cloudy,2022-08-28T15:56:21.897Z
33,Partly cloudy,2022-08-28T14:56:30.796Z
29,Sunny,2022-08-28T13:56:27.611Z
29,Sunny,2022-08-28T11:56:25.739Z
29,Sunny,2022-08-28T10:56:24.772Z
22,Sunny,2022-08-28T09:56:33.045Z
22,Sunny,2022-08-28T08:56:30.393Z
22,Sunny,2022-08-28T07:56:20.080Z
22,Sunny,2022-08-28T06:57:11.463Z
20,Clear,2022-08-28T05:56:18.653Z
20,Clear,2022-08-28T05:20:23.114Z
20,Clear,2022-08-28T04:44:13.824Z
20,Clear,2022-08-28T03:16:02.632Z
20,Clear,2022-08-27T23:56:25.698Z
24,Clear,2022-08-27T22:56:37.468Z
24,Clear,2022-08-27T21:56:27.424Z
24,Clear,2022-08-27T20:56:29.781Z
24,Clear,2022-08-27T19:56:26.754Z
32,Sunny,2022-08-27T18:56:22.812Z
32,Sunny,2022-08-27T17:56:26.944Z
32,Sunny,2022-08-27T17:04:00.965Z
32,Sunny,2022-08-27T15:56:23.088Z
32,Sunny,2022-08-27T14:56:32.473Z
32,"Thunderstorm, rain with thunderstorm",2022-08-27T13:56:26.380Z
32,"Thunderstorm, rain with thunderstorm",2022-08-27T13:17:53.263Z
32,"Thunderstorm, rain with thunderstorm",2022-08-27T11:56:28.565Z
26,Sunny,2022-08-27T10:56:22.300Z
26,Sunny,2022-08-27T09:56:24.937Z
26,Sunny,2022-08-27T08:56:59.311Z
26,Sunny,2022-08-27T07:56:34.186Z
19,Sunny,2022-08-27T06:57:06.331Z
19,Sunny,2022-08-27T05:56:25.871Z
19,Sunny,2022-08-27T05:20:48.835Z
19,Sunny,2022-08-27T04:46:15.038Z
19,Clear,2022-08-27T03:16:01.369Z
21,Clear,2022-08-26T23:56:37.315Z
21,Clear,2022-08-26T22:56:25.504Z
21,Clear,2022-08-26T21:56:35.359Z
21,Clear,2022-08-26T20:56:26.108Z
31,Sunny,2022-08-26T19:56:35.211Z
31,Sunny,2022-08-26T18:58:04.958Z
31,Sunny,2022-08-26T17:56:23.991Z
31,Sunny,2022-08-26T17:09:32.930Z
32,Sunny,2022-08-26T15:56:26.731Z
32,Sunny,2022-08-26T14:56:41.123Z
33,Partly cloudy,2022-08-26T13:57:26.738Z
33,Partly cloudy,2022-08-26T13:22:56.584Z
27,Sunny,2022-08-26T11:56:30.781Z
27,Sunny,2022-08-26T10:56:25.943Z
27,Sunny,2022-08-26T09:56:28.511Z
20,Clear,2022-08-26T03:30:46.134Z
22,Clear,2022-08-25T23:57:12.958Z
22,Clear,2022-08-25T22:56:25.565Z
22,Clear,2022-08-25T21:56:28.998Z
26,Clear,2022-08-25T20:56:21.041Z
26,Clear,2022-08-25T19:56:34.963Z
26,Clear,2022-08-25T18:57:33.623Z
26,Clear,2022-08-25T17:56:23.320Z
30,Partly cloudy,2022-08-25T17:08:09.434Z
27,Partly cloudy,2022-08-25T13:29:38.773Z
27,Partly cloudy,2022-08-25T11:56:40.341Z
16,Clear,2022-08-25T06:18:29.097Z
19,Clear,2022-08-24T23:56:20.958Z
19,Clear,2022-08-24T22:56:32.470Z
19,Clear,2022-08-24T21:56:25.169Z
19,Clear,2022-08-24T20:56:22.669Z
19,Clear,2022-08-24T19:56:30.840Z
23,Partly cloudy,2022-08-24T15:56:20.556Z
22,Partly cloudy,2022-08-24T11:56:37.557Z
19,"Light drizzle, mist",2022-08-24T10:56:34.450Z
19,"Light drizzle, mist",2022-08-24T09:56:23.191Z
19,"Light drizzle, mist",2022-08-24T08:57:28.383Z
19,"Light drizzle, mist",2022-08-24T07:56:30.691Z
18,Light rain,2022-08-24T06:59:41.806Z
18,Light rain,2022-08-24T06:02:00.911Z
18,Light rain,2022-08-24T05:02:33.413Z
19,Partly cloudy,2022-08-24T03:21:22.244Z
20,Partly cloudy,2022-08-23T23:56:38.568Z
20,Partly cloudy,2022-08-23T22:56:33.985Z
20,Partly cloudy,2022-08-23T21:56:38.702Z
20,Partly cloudy,2022-08-23T20:56:28.588Z
22,Partly cloudy,2022-08-23T19:56:23.092Z
22,Partly cloudy,2022-08-23T18:57:08.153Z
22,Partly cloudy,2022-08-23T17:56:25.501Z
22,Partly cloudy,2022-08-23T17:08:49.889Z
22,Partly cloudy,2022-08-23T15:56:20.387Z
22,Partly cloudy,2022-08-23T14:56:28.515Z
21,Partly cloudy,2022-08-23T13:25:58.043Z
19,"Light rain, rain shower",2022-08-23T10:56:32.469Z
19,"Light rain, rain shower",2022-08-23T09:56:30.821Z
19,"Light rain, rain shower",2022-08-23T08:57:10.631Z
18,Partly cloudy,2022-08-23T07:56:25.205Z
18,Partly cloudy,2022-08-23T07:09:49.962Z
18,Partly cloudy,2022-08-23T06:18:26.808Z
18,Partly cloudy,2022-08-23T05:08:50.344Z
18,Clear,2022-08-23T03:21:56.544Z
18,Clear,2022-08-22T23:56:23.756Z
18,Clear,2022-08-22T22:56:25.752Z
18,Clear,2022-08-22T21:56:50.067Z
22,Clear,2022-08-22T20:56:23.673Z
22,Clear,2022-08-22T19:56:37.659Z
22,Clear,2022-08-22T18:57:17.586Z
22,Clear,2022-08-22T17:56:19.412Z
23,Partly cloudy,2022-08-22T17:05:37.116Z
23,Partly cloudy,2022-08-22T15:56:22.290Z
20,Partly cloudy,2022-08-22T13:30:46.253Z
20,Partly cloudy,2022-08-22T11:56:29.005Z
20,Partly cloudy,2022-08-22T10:56:26.256Z
19,Partly cloudy,2022-08-22T09:56:26.009Z
19,Partly cloudy,2022-08-22T08:59:22.137Z
19,Partly cloudy,2022-08-22T07:56:39.924Z
19,Partly cloudy,2022-08-22T07:00:30.132Z
19,Light rain shower,2022-08-22T06:01:33.181Z
19,Light rain shower,2022-08-22T04:58:24.006Z
19,Light rain shower,2022-08-22T03:10:59.565Z
19,Partly cloudy,2022-08-21T23:56:24.527Z
19,Partly cloudy,2022-08-21T22:56:29.040Z
20,Partly cloudy,2022-08-21T21:56:22.071Z
20,Partly cloudy,2022-08-21T20:56:22.755Z
20,Partly cloudy,2022-08-21T19:56:27.077Z
20,Partly cloudy,2022-08-21T18:56:18.956Z
20,Partly cloudy,2022-08-21T17:56:42.160Z
20,Partly cloudy,2022-08-21T17:03:50.939Z
20,Partly cloudy,2022-08-21T15:56:25.303Z
19,"Light drizzle, mist",2022-08-21T14:56:23.186Z
19,Light rain,2022-08-21T11:56:25.859Z
18,Light rain shower,2022-08-21T06:56:53.992Z
18,Light rain shower,2022-08-21T05:56:22.772Z
18,Light rain shower,2022-08-21T05:06:55.522Z
18,Light rain shower,2022-08-21T04:20:23.121Z
21,Light rain,2022-08-21T03:05:13.772Z
21,Light rain,2022-08-20T23:56:40.069Z
21,Clear,2022-08-20T22:56:26.358Z
21,Clear,2022-08-20T21:56:27.667Z
23,Partly cloudy,2022-08-20T19:56:32.823Z
23,Partly cloudy,2022-08-20T18:56:24.275Z
23,Partly cloudy,2022-08-20T17:56:22.196Z
23,Partly cloudy,2022-08-20T17:02:37.587Z
22,Partly cloudy,2022-08-20T15:56:29.017Z
22,Partly cloudy,2022-08-20T14:56:24.557Z
21,Partly cloudy,2022-08-20T13:56:34.059Z
21,Partly cloudy,2022-08-20T13:15:49.674Z
21,"Light rain with thunderstorm, rain with thunderstorm",2022-08-20T11:56:24.280Z
21,"Light rain with thunderstorm, rain with thunderstorm",2022-08-20T10:56:27.145Z
21,"Light rain with thunderstorm, rain with thunderstorm",2022-08-20T09:56:25.267Z
21,"Light rain with thunderstorm, rain with thunderstorm",2022-08-20T08:56:47.277Z
22,"Light rain with thunderstorm, rain with thunderstorm",2022-08-20T07:56:25.936Z
22,"Light rain with thunderstorm, rain with thunderstorm",2022-08-20T06:56:42.607Z
22,"Light rain with thunderstorm, rain with thunderstorm",2022-08-20T05:56:24.190Z
22,"Light rain with thunderstorm, rain with thunderstorm",2022-08-20T05:05:10.031Z
19,Patchy rain possible,2022-08-20T04:18:31.478Z
19,Patchy rain possible,2022-08-20T02:59:56.383Z
26,Light rain,2022-08-19T23:56:36.085Z
26,Light rain,2022-08-19T22:56:25.623Z
26,Light rain,2022-08-19T21:56:32.928Z
31,Rain with thunderstorm,2022-08-19T20:56:26.812Z
31,Rain with thunderstorm,2022-08-19T19:56:34.039Z
31,Rain with thunderstorm,2022-08-19T18:59:49.999Z
31,Rain with thunderstorm,2022-08-19T17:56:31.752Z
38,Sunny,2022-08-19T17:13:45.000Z
38,Sunny,2022-08-19T15:57:33.375Z
34,Sunny,2022-08-19T13:26:40.825Z
34,Sunny,2022-08-19T11:56:28.453Z
34,Sunny,2022-08-19T10:56:25.655Z
34,Sunny,2022-08-19T09:56:31.858Z
24,Sunny,2022-08-19T08:57:48.976Z
24,Sunny,2022-08-19T07:56:23.545Z
24,Sunny,2022-08-19T06:59:44.021Z
22,Clear,2022-08-19T05:17:05.030Z
22,Clear,2022-08-19T03:05:49.181Z
25,Clear,2022-08-18T23:56:30.921Z
25,Clear,2022-08-18T22:56:29.339Z
28,Clear,2022-08-18T21:56:24.945Z
28,Clear,2022-08-18T20:56:39.855Z
28,Clear,2022-08-18T19:56:24.370Z
28,Clear,2022-08-18T18:56:42.372Z
35,Sunny,2022-08-18T13:31:15.782Z
35,Sunny,2022-08-18T11:56:39.014Z
27,Sunny,2022-08-18T10:56:30.271Z
27,Sunny,2022-08-18T09:56:39.076Z
27,Sunny,2022-08-18T08:57:25.534Z
27,Sunny,2022-08-18T07:56:28.560Z
20,Clear,2022-08-18T06:59:48.659Z
20,Clear,2022-08-18T05:26:43.306Z
20,Clear,2022-08-18T04:50:34.990Z
21,Clear,2022-08-18T03:18:32.810Z
27,Clear,2022-08-17T22:56:42.651Z
27,Clear,2022-08-17T21:56:26.839Z
27,Clear,2022-08-17T20:56:42.747Z
27,Clear,2022-08-17T19:56:37.027Z
33,Sunny,2022-08-17T18:58:49.786Z
33,Sunny,2022-08-17T17:56:30.535Z
34,Partly cloudy,2022-08-17T15:56:23.130Z
34,Partly cloudy,2022-08-17T14:56:26.886Z
34,Partly cloudy,2022-08-17T14:11:42.981Z
29,Sunny,2022-08-17T11:56:32.157Z
29,Sunny,2022-08-17T10:56:24.268Z
29,Sunny,2022-08-17T09:56:41.580Z
29,Sunny,2022-08-17T08:57:04.509Z
19,Sunny,2022-08-17T07:56:25.179Z
19,Sunny,2022-08-17T04:56:11.042Z
21,Partly cloudy,2022-08-17T03:16:05.591Z
24,Clear,2022-08-16T22:56:29.055Z
24,Clear,2022-08-16T21:56:21.111Z
31,Sunny,2022-08-16T20:56:21.827Z
31,Sunny,2022-08-16T19:56:38.064Z
31,Sunny,2022-08-16T18:58:13.473Z
31,Sunny,2022-08-16T17:56:25.298Z
33,Sunny,2022-08-16T17:09:16.967Z
33,Sunny,2022-08-16T15:57:44.328Z
33,Sunny,2022-08-16T14:56:31.851Z
32,Partly cloudy,2022-08-16T13:56:27.354Z
31,Sunny,2022-08-16T13:19:46.994Z
31,Sunny,2022-08-16T11:56:31.178Z
31,Sunny,2022-08-16T10:56:23.974Z
31,Sunny,2022-08-16T09:56:38.578Z
28,Sunny,2022-08-16T08:56:25.027Z
28,Sunny,2022-08-16T07:56:33.352Z
22,Sunny,2022-08-16T06:56:29.778Z
22,Sunny,2022-08-16T05:56:20.095Z
21,Clear,2022-08-16T04:28:25.716Z
21,Clear,2022-08-16T03:05:09.663Z
21,Clear,2022-08-15T23:56:20.747Z
21,Clear,2022-08-15T22:56:22.005Z
28,Clear,2022-08-15T20:56:33.936Z
28,Clear,2022-08-15T19:56:34.671Z
28,Clear,2022-08-15T18:57:54.200Z
32,Sunny,2022-08-15T15:56:33.444Z
32,Sunny,2022-08-15T14:56:51.747Z
31,Sunny,2022-08-15T13:30:26.452Z
31,Sunny,2022-08-15T11:56:19.795Z
31,Sunny,2022-08-15T10:56:27.787Z
23,Sunny,2022-08-15T09:56:30.085Z
23,Sunny,2022-08-15T07:56:34.211Z
17,Clear,2022-08-15T06:59:41.476Z
17,Clear,2022-08-15T04:50:40.914Z
18,Clear,2022-08-14T23:56:33.551Z
22,Clear,2022-08-14T22:56:29.161Z
22,Clear,2022-08-14T21:56:37.303Z
22,Clear,2022-08-14T20:56:35.391Z
22,Clear,2022-08-14T19:56:33.549Z
27,Sunny,2022-08-14T18:56:25.384Z
27,Sunny,2022-08-14T17:56:28.549Z
27,Sunny,2022-08-14T17:02:03.930Z
27,Sunny,2022-08-14T15:56:28.550Z
23,Partly cloudy,2022-08-14T13:17:06.389Z
19,Partly cloudy,2022-08-14T11:56:35.982Z
19,Partly cloudy,2022-08-14T10:56:28.083Z
19,Partly cloudy,2022-08-14T09:56:31.138Z
19,Partly cloudy,2022-08-14T08:56:33.250Z
18,Partly cloudy,2022-08-14T07:56:27.684Z
18,Partly cloudy,2022-08-14T06:56:38.550Z
18,Partly cloudy,2022-08-14T05:56:26.565Z
18,Partly cloudy,2022-08-14T05:01:07.675Z
16,Light rain,2022-08-14T04:15:37.493Z
16,Light rain,2022-08-14T03:00:47.231Z
19,Clear,2022-08-13T23:56:35.921Z
19,Clear,2022-08-13T22:56:27.290Z
19,Clear,2022-08-13T21:56:44.339Z
19,Clear,2022-08-13T20:56:26.027Z
22,Sunny,2022-08-13T19:56:23.818Z
22,Sunny,2022-08-13T18:56:19.377Z
22,Sunny,2022-08-13T17:56:22.060Z
22,Sunny,2022-08-13T17:01:56.051Z
21,Sunny,2022-08-13T15:56:25.546Z
21,Sunny,2022-08-13T14:56:27.910Z
20,Sunny,2022-08-13T13:56:22.728Z
20,Sunny,2022-08-13T13:14:56.896Z
18,Light rain,2022-08-13T11:56:35.204Z
18,Light rain,2022-08-13T10:56:41.632Z
18,Light rain,2022-08-13T09:56:26.020Z
19,Sunny,2022-08-13T08:56:21.559Z
19,Sunny,2022-08-13T07:56:37.878Z
19,Sunny,2022-08-13T06:56:26.569Z
19,Sunny,2022-08-13T05:56:20.884Z
20,Clear,2022-08-13T04:11:01.527Z
20,Clear,2022-08-13T03:38:05.514Z
20,Clear,2022-08-13T02:45:50.370Z
23,Clear,2022-08-12T23:56:33.930Z
23,Clear,2022-08-12T22:56:28.539Z
27,Clear,2022-08-12T21:56:25.959Z
27,Clear,2022-08-12T20:56:27.459Z
27,Clear,2022-08-12T19:56:36.233Z
30,Sunny,2022-08-12T17:56:23.649Z
30,Sunny,2022-08-12T17:13:26.232Z
30,Sunny,2022-08-12T15:57:35.971Z
29,Sunny,2022-08-12T14:56:33.274Z
29,Sunny,2022-08-12T13:29:33.404Z
29,Sunny,2022-08-12T11:56:32.519Z
29,Sunny,2022-08-12T10:56:26.344Z
22,Sunny,2022-08-12T09:56:32.158Z
22,Sunny,2022-08-12T08:56:24.588Z
22,Sunny,2022-08-12T07:56:26.531Z
14,Clear,2022-08-12T05:56:27.048Z
14,Clear,2022-08-12T05:02:57.525Z
14,Clear,2022-08-12T04:17:47.125Z
14,Clear,2022-08-12T03:47:13.616Z
16,Clear,2022-08-12T02:54:38.667Z
21,Clear,2022-08-11T22:56:24.574Z
21,Clear,2022-08-11T21:56:32.139Z
21,Clear,2022-08-11T20:56:38.690Z
21,Clear,2022-08-11T19:56:23.452Z
29,Sunny,2022-08-11T18:58:09.525Z
29,Sunny,2022-08-11T17:07:36.745Z
29,Sunny,2022-08-11T15:56:29.658Z
29,Sunny,2022-08-11T14:56:30.050Z
29,Sunny,2022-08-11T13:59:41.383Z
23,Sunny,2022-08-11T10:56:32.407Z
23,Sunny,2022-08-11T09:56:28.124Z
23,Sunny,2022-08-11T08:56:26.033Z
,,2022-08-11T05:56:39.315Z
14,Sunny,2022-08-11T05:00:38.675Z
14,Sunny,2022-08-11T04:12:04.546Z
18,Clear,2022-08-11T03:38:29.269Z
20,Clear,2022-08-10T23:56:22.739Z
20,Clear,2022-08-10T22:56:27.938Z
20,Clear,2022-08-10T21:56:39.885Z
20,Clear,2022-08-10T20:56:29.009Z
29,Sunny,2022-08-10T17:56:22.340Z
29,Sunny,2022-08-10T17:11:56.476Z
26,Sunny,2022-08-10T11:56:38.769Z
26,Sunny,2022-08-10T10:56:26.053Z
26,Sunny,2022-08-10T09:56:33.860Z
20,Sunny,2022-08-10T08:56:24.197Z
20,Sunny,2022-08-10T07:56:40.704Z
20,Sunny,2022-08-10T06:58:31.923Z
19,Clear,2022-08-10T04:59:00.962Z
19,Clear,2022-08-10T03:59:25.353Z
19,Clear,2022-08-10T03:29:30.422Z
19,Clear,2022-08-10T02:28:36.091Z
21,Clear,2022-08-09T23:56:34.387Z
21,Clear,2022-08-09T22:56:24.356Z
21,Clear,2022-08-09T21:56:24.401Z
28,Clear,2022-08-09T20:56:50.751Z
28,Clear,2022-08-09T19:56:33.367Z
28,Clear,2022-08-09T18:56:25.768Z
29,Partly cloudy,2022-08-09T17:08:25.383Z
29,Partly cloudy,2022-08-09T15:56:30.464Z
29,Partly cloudy,2022-08-09T14:56:28.496Z
26,Partly cloudy,2022-08-09T13:34:53.862Z
26,Partly cloudy,2022-08-09T11:56:28.041Z
26,Partly cloudy,2022-08-09T10:56:32.912Z
21,Sunny,2022-08-09T09:56:29.838Z
21,Sunny,2022-08-09T08:56:22.904Z
21,Sunny,2022-08-09T07:56:34.060Z
21,Sunny,2022-08-09T06:58:30.623Z
21,Partly cloudy,2022-08-09T05:56:36.896Z
21,Partly cloudy,2022-08-09T05:14:30.004Z
21,Partly cloudy,2022-08-09T04:27:01.664Z
21,Partly cloudy,2022-08-09T03:01:37.110Z
23,Clear,2022-08-08T23:56:23.345Z
26,Clear,2022-08-08T21:56:34.397Z
26,Clear,2022-08-08T20:56:40.805Z
26,Clear,2022-08-08T19:56:27.103Z
32,Sunny,2022-08-08T18:57:13.631Z
32,Sunny,2022-08-08T17:56:25.591Z
32,Sunny,2022-08-08T17:09:25.955Z
32,Sunny,2022-08-08T15:57:11.192Z
31,Sunny,2022-08-08T14:56:52.621Z
30,Sunny,2022-08-08T13:30:30.308Z
30,Sunny,2022-08-08T11:56:47.200Z
26,Sunny,2022-08-08T10:56:30.676Z
26,Sunny,2022-08-08T09:56:35.835Z
26,Sunny,2022-08-08T08:57:27.775Z
26,Sunny,2022-08-08T07:56:28.605Z
20,Sunny,2022-08-08T06:59:16.293Z
20,Sunny,2022-08-08T05:56:31.686Z
20,Sunny,2022-08-08T05:10:02.452Z
20,Sunny,2022-08-08T04:21:10.610Z
22,Clear,2022-08-08T02:58:07.335Z
25,Clear,2022-08-07T22:56:27.421Z
25,Clear,2022-08-07T20:56:29.302Z
32,Sunny,2022-08-07T19:56:25.390Z
32,Sunny,2022-08-07T18:56:22.668Z
32,Sunny,2022-08-07T17:56:31.515Z
32,Sunny,2022-08-07T17:01:46.533Z
31,Sunny,2022-08-07T15:56:25.881Z
31,Sunny,2022-08-07T14:56:30.755Z
31,Sunny,2022-08-07T13:56:29.561Z
31,Sunny,2022-08-07T13:14:33.547Z
26,Sunny,2022-08-07T11:56:39.251Z
26,Sunny,2022-08-07T09:56:38.218Z
23,Sunny,2022-08-07T08:56:27.513Z
23,Sunny,2022-08-07T07:56:30.941Z
23,Sunny,2022-08-07T06:56:25.730Z
23,Sunny,2022-08-07T05:56:39.416Z
24,Clear,2022-08-07T04:59:10.506Z
24,Clear,2022-08-07T04:11:25.011Z
24,Clear,2022-08-07T03:38:36.147Z
24,Clear,2022-08-07T02:53:34.951Z
27,Clear,2022-08-06T22:56:28.234Z
27,Clear,2022-08-06T21:56:34.906Z
35,Sunny,2022-08-06T20:56:38.935Z
35,Sunny,2022-08-06T19:56:36.329Z
35,Sunny,2022-08-06T18:56:23.098Z
35,Sunny,2022-08-06T17:56:28.339Z
36,Sunny,2022-08-06T17:01:59.478Z
36,Sunny,2022-08-06T15:56:23.126Z
36,Sunny,2022-08-06T14:56:27.620Z
34,Sunny,2022-08-06T13:56:22.731Z
34,Sunny,2022-08-06T13:14:10.116Z
34,Sunny,2022-08-06T11:56:30.303Z
21,Sunny,2022-08-06T09:56:27.498Z
21,Sunny,2022-08-06T08:56:32.338Z
21,Sunny,2022-08-06T07:56:37.358Z
21,Sunny,2022-08-06T06:56:22.586Z
17,Clear,2022-08-06T04:58:48.681Z
17,Clear,2022-08-06T04:09:59.805Z
17,Clear,2022-08-06T03:36:57.430Z
17,Clear,2022-08-06T02:47:09.360Z
21,Clear,2022-08-05T23:56:31.060Z
21,Clear,2022-08-05T22:56:28.817Z
26,Clear,2022-08-05T21:56:28.054Z
26,Clear,2022-08-05T20:56:48.207Z
26,Clear,2022-08-05T19:56:25.886Z
34,Sunny,2022-08-05T18:57:37.399Z
34,Sunny,2022-08-05T17:56:28.683Z
34,Sunny,2022-08-05T15:56:28.403Z
35,Sunny,2022-08-05T14:56:36.360Z
35,Sunny,2022-08-05T14:01:58.200Z
34,Sunny,2022-08-05T13:30:13.264Z
34,Sunny,2022-08-05T11:56:38.663Z
25,Sunny,2022-08-05T10:56:29.001Z
25,Sunny,2022-08-05T09:56:45.197Z
25,Sunny,2022-08-05T08:56:23.256Z
25,Sunny,2022-08-05T07:56:40.306Z
17,Sunny,2022-08-05T06:58:06.317Z
17,Sunny,2022-08-05T05:56:24.020Z
17,Sunny,2022-08-05T05:22:26.487Z
17,Sunny,2022-08-05T04:31:45.965Z
23,Clear,2022-08-05T03:04:27.129Z
24,Clear,2022-08-04T23:56:40.590Z
24,Clear,2022-08-04T22:56:39.850Z
24,Clear,2022-08-04T21:56:25.896Z
24,Clear,2022-08-04T20:56:37.500Z
33,Sunny,2022-08-04T19:56:35.828Z
33,Sunny,2022-08-04T18:57:10.460Z
33,Sunny,2022-08-04T17:56:32.500Z
34,Sunny,2022-08-04T13:59:30.573Z
33,Sunny,2022-08-04T13:26:08.430Z
30,Sunny,2022-08-04T11:57:33.575Z
30,Sunny,2022-08-04T10:57:24.417Z
30,Sunny,2022-08-04T09:57:09.559Z
30,Sunny,2022-08-04T08:59:25.304Z
20,Sunny,2022-08-04T07:56:33.543Z
20,Sunny,2022-08-04T06:58:53.448Z
20,Sunny,2022-08-04T05:56:31.651Z
20,Sunny,2022-08-04T05:20:29.779Z
25,Partly cloudy,2022-08-04T04:28:36.324Z
25,Partly cloudy,2022-08-04T03:47:56.112Z
25,Partly cloudy,2022-08-04T02:53:37.777Z
,,2022-08-03T22:56:36.747Z
,,2022-08-03T18:56:50.318Z
33,Sunny,2022-08-03T17:08:01.066Z
33,Sunny,2022-08-03T15:57:16.436Z
33,Sunny,2022-08-03T14:56:37.157Z
,,2022-08-03T06:57:19.598Z
16,Clear,2022-08-03T05:59:53.498Z
16,Clear,2022-08-03T05:33:00.839Z
16,Clear,2022-08-03T04:50:52.886Z
20,Clear,2022-08-02T23:56:43.076Z
20,Clear,2022-08-02T22:56:34.653Z
27,Clear,2022-08-02T21:56:27.667Z
27,Clear,2022-08-02T20:56:24.742Z
27,Clear,2022-08-02T18:56:40.602Z
32,Sunny,2022-08-02T17:56:22.303Z
32,Sunny,2022-08-02T17:13:45.352Z
32,Sunny,2022-08-02T14:56:29.029Z
32,Sunny,2022-08-02T14:00:50.603Z
31,Sunny,2022-08-02T13:29:19.158Z
25,Sunny,2022-08-02T10:56:26.944Z
25,Sunny,2022-08-02T09:56:28.254Z
25,Sunny,2022-08-02T08:58:21.192Z
25,Sunny,2022-08-02T07:56:38.037Z
16,Sunny,2022-08-02T06:01:14.233Z
16,Sunny,2022-08-02T04:57:10.787Z
17,Clear,2022-08-02T03:25:16.208Z
25,Clear,2022-08-01T22:56:35.511Z
25,Clear,2022-08-01T21:56:29.570Z
25,Clear,2022-08-01T20:56:37.770Z
29,Sunny,2022-08-01T19:56:39.734Z
29,Sunny,2022-08-01T17:56:28.650Z
29,Sunny,2022-08-01T17:13:15.358Z
31,Sunny,2022-08-01T15:57:32.037Z
31,Sunny,2022-08-01T14:56:30.916Z
31,Sunny,2022-08-01T14:05:37.586Z
30,Sunny,2022-08-01T13:31:15.703Z
26,Sunny,2022-08-01T11:56:31.076Z
26,Sunny,2022-08-01T10:56:27.943Z
26,Sunny,2022-08-01T09:56:34.455Z
26,Sunny,2022-08-01T08:57:44.989Z
15,Sunny,2022-08-01T07:56:45.129Z
15,Sunny,2022-08-01T06:20:05.785Z
15,Sunny,2022-08-01T05:02:52.297Z
14,Clear,2022-08-01T03:17:54.238Z
18,Clear,2022-07-31T23:56:39.927Z
18,Clear,2022-07-31T22:56:25.806Z
18,Clear,2022-07-31T21:56:24.404Z
27,Sunny,2022-07-31T20:56:37.206Z
27,Sunny,2022-07-31T19:56:37.501Z
27,Sunny,2022-07-31T18:56:25.371Z
27,Sunny,2022-07-31T17:56:21.686Z
29,Sunny,2022-07-31T15:56:23.020Z
29,Sunny,2022-07-31T14:56:38.751Z
29,Sunny,2022-07-31T13:56:25.123Z
27,Partly cloudy,2022-07-31T13:15:48.027Z
27,Partly cloudy,2022-07-31T11:56:30.348Z
27,Partly cloudy,2022-07-31T10:56:23.694Z
20,Sunny,2022-07-31T08:56:26.782Z
20,Sunny,2022-07-31T07:56:30.332Z
20,Sunny,2022-07-31T06:56:22.225Z
18,Clear,2022-07-31T05:56:22.152Z
18,Clear,2022-07-31T05:05:58.903Z
18,Clear,2022-07-31T04:21:00.598Z
18,Clear,2022-07-31T03:06:51.993Z
23,Clear,2022-07-30T22:56:41.201Z
24,Rain with thunderstorm,2022-07-30T20:56:28.255Z
24,Rain with thunderstorm,2022-07-30T19:56:34.171Z
24,Rain with thunderstorm,2022-07-30T18:56:25.214Z
31,Sunny,2022-07-30T17:56:25.766Z
31,Sunny,2022-07-30T17:01:47.215Z
31,Sunny,2022-07-30T15:56:27.337Z
31,Sunny,2022-07-30T14:56:29.926Z
32,Sunny,2022-07-30T13:56:23.960Z
32,Sunny,2022-07-30T13:13:58.110Z
32,Sunny,2022-07-30T11:56:32.622Z
28,Sunny,2022-07-30T10:56:38.249Z
28,Sunny,2022-07-30T09:56:27.895Z
28,Sunny,2022-07-30T08:56:23.003Z
28,Sunny,2022-07-30T07:56:42.915Z
24,Sunny,2022-07-30T06:56:20.171Z
24,Sunny,2022-07-30T05:56:20.425Z
,,2022-07-30T05:09:07.798Z
23,Clear,2022-07-30T03:02:58.953Z
23,Clear,2022-07-29T23:56:24.186Z
25,Clear,2022-07-29T22:56:31.624Z
25,Clear,2022-07-29T21:56:36.314Z
25,Clear,2022-07-29T20:56:24.899Z
25,Clear,2022-07-29T19:56:30.790Z
33,Sunny,2022-07-29T17:56:30.368Z
33,Sunny,2022-07-29T17:08:51.292Z
32,Sunny,2022-07-29T15:57:09.274Z
32,Sunny,2022-07-29T14:56:40.014Z
32,Partly cloudy,2022-07-29T13:27:30.682Z
29,Sunny,2022-07-29T11:56:25.118Z
29,Sunny,2022-07-29T10:56:21.942Z
29,Sunny,2022-07-29T09:56:25.083Z
29,Sunny,2022-07-29T08:56:28.404Z
24,Sunny,2022-07-29T07:56:43.270Z
24,Sunny,2022-07-29T05:56:28.514Z
24,Sunny,2022-07-29T05:19:07.568Z
20,Clear,2022-07-29T04:36:00.113Z
20,Clear,2022-07-29T03:11:46.831Z
22,Clear,2022-07-28T23:56:25.150Z
22,Clear,2022-07-28T22:56:35.627Z
22,Clear,2022-07-28T21:56:26.299Z
29,Sunny,2022-07-28T20:56:33.395Z
29,Sunny,2022-07-28T19:56:22.946Z
29,Sunny,2022-07-28T18:58:29.497Z
29,Sunny,2022-07-28T17:16:10.375Z
29,Sunny,2022-07-28T15:56:27.052Z
29,Sunny,2022-07-28T14:56:28.813Z
29,Sunny,2022-07-28T14:04:23.918Z
28,Sunny,2022-07-28T13:30:22.720Z
22,Sunny,2022-07-28T11:56:37.762Z
22,Sunny,2022-07-28T10:56:29.889Z
22,Sunny,2022-07-28T09:56:49.112Z
21,Sunny,2022-07-28T08:56:42.788Z
21,Sunny,2022-07-28T07:56:35.273Z
21,Sunny,2022-07-28T06:57:50.799Z
21,Sunny,2022-07-28T05:56:36.319Z
20,Clear,2022-07-28T05:16:10.187Z
20,Clear,2022-07-28T02:58:37.794Z
23,Clear,2022-07-27T23:56:36.749Z
23,Clear,2022-07-27T22:56:31.687Z
27,Clear,2022-07-27T21:56:47.579Z
27,Clear,2022-07-27T20:56:31.278Z
27,Clear,2022-07-27T19:56:38.592Z
27,Clear,2022-07-27T18:56:33.237Z
31,Sunny,2022-07-27T17:56:33.327Z
31,Sunny,2022-07-27T17:13:24.497Z
31,Sunny,2022-07-27T15:56:32.636Z
31,Sunny,2022-07-27T14:56:41.520Z
31,Sunny,2022-07-27T14:05:00.959Z
29,Partly cloudy,2022-07-27T13:32:25.756Z
29,Partly cloudy,2022-07-27T11:56:22.861Z
24,Sunny,2022-07-27T09:56:35.971Z
24,Sunny,2022-07-27T08:56:53.274Z
24,Sunny,2022-07-27T07:56:30.043Z
19,Sunny,2022-07-27T06:57:28.931Z
19,Sunny,2022-07-27T05:56:30.422Z
19,Sunny,2022-07-27T05:21:47.020Z
19,Sunny,2022-07-27T04:38:40.753Z
21,Clear,2022-07-27T03:08:24.951Z
27,Clear,2022-07-26T22:56:32.459Z
27,Clear,2022-07-26T21:56:31.002Z
27,Clear,2022-07-26T20:56:56.954Z
27,Clear,2022-07-26T19:56:29.667Z
35,Sunny,2022-07-26T17:56:27.615Z
35,Sunny,2022-07-26T17:07:21.110Z
35,Sunny,2022-07-26T15:56:48.566Z
35,Sunny,2022-07-26T14:56:41.570Z
30,Sunny,2022-07-26T09:56:27.873Z
30,Sunny,2022-07-26T08:56:27.389Z
16,Sunny,2022-07-26T07:56:25.843Z
16,Sunny,2022-07-26T06:58:01.552Z
16,Sunny,2022-07-26T06:01:18.148Z
16,Sunny,2022-07-26T04:56:35.188Z
22,Clear,2022-07-26T03:18:13.607Z
23,Clear,2022-07-25T23:56:31.086Z
23,Clear,2022-07-25T22:56:20.979Z
23,Clear,2022-07-25T21:56:20.130Z
23,Clear,2022-07-25T20:56:46.877Z
33,Sunny,2022-07-25T19:56:29.970Z
33,Sunny,2022-07-25T18:59:32.200Z
33,Sunny,2022-07-25T17:11:23.945Z
33,Sunny,2022-07-25T15:56:23.888Z
33,Sunny,2022-07-25T14:56:24.433Z
33,Sunny,2022-07-25T14:02:32.874Z
33,Sunny,2022-07-25T13:28:36.563Z
31,Sunny,2022-07-25T09:56:26.235Z
19,Sunny,2022-07-25T08:58:29.544Z
19,Sunny,2022-07-25T07:56:40.786Z
19,Sunny,2022-07-25T05:56:27.285Z
18,Clear,2022-07-25T05:18:07.312Z
18,Clear,2022-07-25T04:35:46.494Z
24,Clear,2022-07-24T23:56:36.029Z
24,Clear,2022-07-24T22:56:44.963Z
28,Clear,2022-07-24T21:56:30.727Z
28,Clear,2022-07-24T18:56:43.720Z
29,Sunny,2022-07-24T17:56:24.797Z
29,Sunny,2022-07-24T15:56:36.579Z
29,Sunny,2022-07-24T14:56:28.957Z
32,Sunny,2022-07-24T13:56:23.278Z
32,Sunny,2022-07-24T13:17:28.188Z
32,Sunny,2022-07-24T11:56:21.626Z
32,Sunny,2022-07-24T10:56:26.106Z
28,Sunny,2022-07-24T08:56:20.604Z
28,Sunny,2022-07-24T07:56:26.499Z
28,Sunny,2022-07-24T06:57:20.928Z
24,Clear,2022-07-24T05:56:35.827Z
24,Clear,2022-07-24T05:08:20.041Z
24,Clear,2022-07-24T04:19:11.174Z
24,Clear,2022-07-24T03:03:04.800Z
23,Clear,2022-07-23T23:56:28.759Z
29,Clear,2022-07-23T22:56:35.551Z
29,Clear,2022-07-23T21:56:26.301Z
29,Clear,2022-07-23T20:56:34.814Z
29,Clear,2022-07-23T19:56:26.498Z
38,Sunny,2022-07-23T18:56:21.347Z
38,Sunny,2022-07-23T17:05:12.984Z
38,Sunny,2022-07-23T15:56:27.428Z
38,Sunny,2022-07-23T14:56:38.515Z
37,Sunny,2022-07-23T13:56:31.797Z
37,Sunny,2022-07-23T13:16:10.347Z
37,Sunny,2022-07-23T11:56:30.679Z
31,Sunny,2022-07-23T10:56:30.381Z
31,Sunny,2022-07-23T09:56:23.035Z
31,Sunny,2022-07-23T08:57:01.897Z
17,Sunny,2022-07-23T07:56:31.314Z
17,Sunny,2022-07-23T06:57:26.504Z
17,Sunny,2022-07-23T05:56:26.567Z
17,Sunny,2022-07-23T04:17:35.080Z
21,Clear,2022-07-22T23:56:29.440Z
23,Clear,2022-07-22T21:56:43.039Z
23,Clear,2022-07-22T20:56:42.050Z
36,Sunny,2022-07-22T19:56:25.728Z
36,Sunny,2022-07-22T18:58:15.315Z
36,Sunny,2022-07-22T17:56:26.884Z
36,Sunny,2022-07-22T17:15:58.749Z
37,Sunny,2022-07-22T15:56:22.722Z
37,Sunny,2022-07-22T13:59:46.565Z
,,2022-07-22T13:24:35.106Z
32,Sunny,2022-07-22T11:56:37.623Z
32,Sunny,2022-07-22T10:56:27.057Z
32,Sunny,2022-07-22T09:56:25.391Z
20,Sunny,2022-07-22T08:58:09.171Z
20,Sunny,2022-07-22T07:56:32.660Z
20,Sunny,2022-07-22T07:01:07.785Z
19,Clear,2022-07-22T05:16:23.865Z
19,Clear,2022-07-22T04:32:32.404Z
19,Clear,2022-07-22T03:05:52.650Z
24,Clear,2022-07-21T23:56:29.855Z
24,Clear,2022-07-21T21:56:32.131Z
33,Sunny,2022-07-21T20:56:40.855Z
33,Sunny,2022-07-21T19:56:45.345Z
33,Sunny,2022-07-21T19:01:21.590Z
37,Sunny,2022-07-21T17:56:28.596Z
37,Sunny,2022-07-21T15:56:47.765Z
37,Sunny,2022-07-21T14:56:26.521Z
37,Sunny,2022-07-21T14:00:55.677Z
32,Sunny,2022-07-21T13:27:30.794Z
32,Sunny,2022-07-21T11:56:29.339Z
32,Sunny,2022-07-21T10:56:29.056Z
23,Sunny,2022-07-21T09:56:35.143Z
23,Sunny,2022-07-21T08:56:29.722Z
23,Sunny,2022-07-21T06:59:19.961Z
17,Clear,2022-07-21T05:19:30.582Z
17,Clear,2022-07-21T04:29:34.249Z
17,Clear,2022-07-21T03:02:39.150Z
20,Clear,2022-07-20T23:56:27.691Z
27,Clear,2022-07-20T22:56:33.581Z
27,Clear,2022-07-20T21:56:35.974Z
27,Clear,2022-07-20T19:56:39.542Z
33,Sunny,2022-07-20T18:56:57.273Z
33,Sunny,2022-07-20T17:56:24.026Z
33,Sunny,2022-07-20T17:11:32.566Z
33,Sunny,2022-07-20T15:56:31.655Z
33,Sunny,2022-07-20T14:56:29.463Z
33,Sunny,2022-07-20T14:09:39.504Z
33,Sunny,2022-07-20T13:29:25.497Z
26,Sunny,2022-07-20T10:56:34.330Z
26,Sunny,2022-07-20T09:56:28.773Z
26,Sunny,2022-07-20T08:56:54.654Z
14,Sunny,2022-07-20T06:57:27.378Z
14,Sunny,2022-07-20T05:56:29.665Z
14,Sunny,2022-07-20T05:14:32.568Z
14,Sunny,2022-07-20T04:25:26.902Z
16,Clear,2022-07-20T03:00:45.956Z
22,Clear,2022-07-19T23:56:44.852Z
22,Clear,2022-07-19T22:56:31.752Z
22,Clear,2022-07-19T21:56:30.191Z
22,Clear,2022-07-19T20:56:26.384Z
30,Sunny,2022-07-19T19:56:39.314Z
30,Sunny,2022-07-19T18:58:19.732Z
30,Sunny,2022-07-19T17:56:26.717Z
30,Sunny,2022-07-19T17:15:54.189Z
31,Sunny,2022-07-19T15:56:46.351Z
31,Sunny,2022-07-19T14:56:33.519Z
31,Sunny,2022-07-19T13:29:02.568Z
27,Sunny,2022-07-19T11:56:34.460Z
27,Sunny,2022-07-19T10:56:33.021Z
27,Sunny,2022-07-19T09:56:43.812Z
16,Sunny,2022-07-19T08:57:43.513Z
16,Sunny,2022-07-19T07:56:38.028Z
14,Clear,2022-07-19T04:55:31.640Z
17,Clear,2022-07-18T21:56:40.201Z
28,Sunny,2022-07-18T20:56:33.929Z
28,Sunny,2022-07-18T19:56:36.253Z
28,Sunny,2022-07-18T18:57:12.798Z
28,Sunny,2022-07-18T17:12:50.866Z
28,Sunny,2022-07-18T15:57:43.654Z
28,Sunny,2022-07-18T15:01:35.106Z
27,Sunny,2022-07-18T13:31:57.133Z
27,Sunny,2022-07-18T11:56:34.543Z
27,Sunny,2022-07-18T10:56:27.768Z
20,Sunny,2022-07-18T08:57:20.592Z
20,Sunny,2022-07-18T07:56:46.260Z
20,Sunny,2022-07-18T06:59:09.407Z
12,Clear,2022-07-18T05:56:29.339Z
12,Clear,2022-07-18T05:19:34.354Z
12,Clear,2022-07-18T04:34:16.934Z
14,Clear,2022-07-17T23:56:28.720Z
21,Clear,2022-07-17T21:56:26.344Z
21,Clear,2022-07-17T20:56:31.586Z
21,Clear,2022-07-17T19:56:42.108Z
29,Sunny,2022-07-17T18:56:24.319Z
28,Sunny,2022-07-17T13:56:25.764Z
28,Sunny,2022-07-17T11:56:40.365Z
28,Sunny,2022-07-17T10:56:36.779Z
25,Sunny,2022-07-17T09:56:31.587Z
25,Sunny,2022-07-17T08:56:30.437Z
25,Sunny,2022-07-17T07:56:24.032Z
18,Sunny,2022-07-17T06:56:23.938Z
18,Sunny,2022-07-17T05:56:19.872Z
18,Sunny,2022-07-17T05:05:46.727Z
18,Sunny,2022-07-17T04:20:49.823Z
17,Clear,2022-07-17T03:05:20.455Z
20,Clear,2022-07-16T23:56:26.378Z
20,Clear,2022-07-16T22:56:34.203Z
20,Clear,2022-07-16T21:56:21.364Z
20,Clear,2022-07-16T20:56:39.850Z
28,Sunny,2022-07-16T19:56:42.025Z
28,Sunny,2022-07-16T18:56:27.653Z
28,Sunny,2022-07-16T17:56:30.407Z
28,Sunny,2022-07-16T17:01:19.193Z
27,Sunny,2022-07-16T15:56:54.797Z
26,Sunny,2022-07-16T13:56:26.031Z
26,Sunny,2022-07-16T13:13:04.780Z
19,Sunny,2022-07-16T11:56:25.935Z
19,Sunny,2022-07-16T10:56:29.084Z
19,Sunny,2022-07-16T08:56:19.704Z
19,Sunny,2022-07-16T07:56:23.612Z
19,Sunny,2022-07-16T06:56:22.410Z
19,Sunny,2022-07-16T05:56:34.223Z
19,Sunny,2022-07-16T05:01:15.653Z
18,Clear,2022-07-16T04:15:47.892Z
18,Clear,2022-07-16T03:41:45.887Z
18,Clear,2022-07-16T02:52:07.337Z
21,Clear,2022-07-15T23:56:27.387Z
21,Clear,2022-07-15T22:56:25.746Z
21,Clear,2022-07-15T21:56:22.035Z
30,Sunny,2022-07-15T20:56:35.302Z
30,Sunny,2022-07-15T19:56:27.845Z
30,Sunny,2022-07-15T18:57:13.043Z
30,Sunny,2022-07-15T17:56:25.015Z
34,Sunny,2022-07-15T17:13:37.071Z
34,Sunny,2022-07-15T15:56:29.749Z
34,Sunny,2022-07-15T14:56:35.690Z
32,Sunny,2022-07-15T13:34:36.342Z
32,Sunny,2022-07-15T11:56:23.926Z
32,Sunny,2022-07-15T10:56:24.257Z
23,Sunny,2022-07-15T09:56:22.458Z
23,Sunny,2022-07-15T08:56:48.442Z
23,Sunny,2022-07-15T07:56:44.181Z
23,Sunny,2022-07-15T06:56:58.721Z
19,Sunny,2022-07-15T06:00:27.196Z
19,Sunny,2022-07-15T05:33:05.393Z
19,Sunny,2022-07-15T04:51:18.098Z
20,Clear,2022-07-14T23:56:24.054Z
20,Clear,2022-07-14T22:56:28.376Z
26,Clear,2022-07-14T21:56:27.219Z
26,Clear,2022-07-14T20:56:22.987Z
26,Clear,2022-07-14T19:56:21.397Z
26,Clear,2022-07-14T18:56:37.908Z
32,Sunny,2022-07-14T17:56:30.695Z
32,Sunny,2022-07-14T17:16:38.976Z
32,Sunny,2022-07-14T15:57:42.300Z
33,Sunny,2022-07-14T14:56:40.513Z
33,Sunny,2022-07-14T14:06:28.764Z
31,Sunny,2022-07-14T13:29:53.486Z
31,Sunny,2022-07-14T11:56:35.744Z
23,Sunny,2022-07-14T10:56:23.584Z
23,Sunny,2022-07-14T09:56:33.439Z
23,Sunny,2022-07-14T08:56:34.599Z
23,Sunny,2022-07-14T07:56:50.863Z
15,Sunny,2022-07-14T06:58:08.927Z
15,Sunny,2022-07-14T05:20:52.042Z
15,Sunny,2022-07-14T04:35:11.148Z
16,Clear,2022-07-14T03:10:02.150Z
16,Clear,2022-07-13T23:56:25.028Z
22,Clear,2022-07-13T22:56:28.027Z
22,Clear,2022-07-13T21:56:25.896Z
22,Clear,2022-07-13T20:56:38.876Z
29,Sunny,2022-07-13T18:56:23.349Z
29,Sunny,2022-07-13T17:56:30.036Z
29,Sunny,2022-07-13T17:11:47.870Z
29,Sunny,2022-07-13T15:58:06.167Z
29,Sunny,2022-07-13T14:56:47.061Z
29,Sunny,2022-07-13T14:08:38.680Z
28,Sunny,2022-07-13T13:28:37.710Z
26,Sunny,2022-07-13T11:56:22.409Z
26,Sunny,2022-07-13T10:56:24.377Z
26,Sunny,2022-07-13T08:56:44.612Z
12,Sunny,2022-07-13T05:56:33.367Z
12,Sunny,2022-07-13T05:10:12.268Z
12,Clear,2022-07-13T04:22:23.501Z
12,Clear,2022-07-13T03:02:01.025Z
15,Clear,2022-07-12T23:56:29.133Z
15,Clear,2022-07-12T22:56:37.837Z
15,Clear,2022-07-12T21:56:36.083Z
23,Sunny,2022-07-12T20:56:33.459Z
23,Sunny,2022-07-12T19:56:32.061Z
23,Sunny,2022-07-12T18:57:28.460Z
23,Sunny,2022-07-12T17:56:25.902Z
26,Sunny,2022-07-12T17:09:37.741Z
26,Sunny,2022-07-12T14:56:29.955Z
26,Sunny,2022-07-12T14:00:35.685Z
25,Sunny,2022-07-12T11:56:27.966Z
25,Sunny,2022-07-12T10:58:27.466Z
25,Sunny,2022-07-12T09:56:32.445Z
14,Sunny,2022-07-12T09:03:05.687Z
14,Sunny,2022-07-12T07:56:43.733Z
14,Sunny,2022-07-12T06:58:41.028Z
11,Clear,2022-07-12T05:57:08.693Z
11,Clear,2022-07-12T05:29:00.122Z
11,Clear,2022-07-12T04:46:40.144Z
11,Clear,2022-07-12T03:10:17.615Z
12,Clear,2022-07-11T22:56:40.485Z
21,Clear,2022-07-11T21:56:23.108Z
21,Clear,2022-07-11T20:56:29.005Z
21,Clear,2022-07-11T19:56:34.485Z
22,Sunny,2022-07-11T17:56:23.025Z
22,Sunny,2022-07-11T17:14:54.830Z
22,Sunny,2022-07-11T16:06:35.518Z
22,Sunny,2022-07-11T14:56:33.655Z
24,Sunny,2022-07-11T14:03:01.225Z
21,Sunny,2022-07-11T13:29:17.136Z
19,Sunny,2022-07-11T10:56:57.142Z
19,Sunny,2022-07-11T09:56:42.509Z
19,Sunny,2022-07-11T09:07:19.556Z
19,Sunny,2022-07-11T07:56:26.261Z
14,Sunny,2022-07-11T06:58:29.346Z
14,Sunny,2022-07-11T05:56:25.317Z
14,Sunny,2022-07-11T04:21:50.592Z
16,Clear,2022-07-11T02:57:40.115Z
16,Clear,2022-07-10T23:56:33.345Z
19,Clear,2022-07-10T22:56:42.977Z
19,Clear,2022-07-10T21:56:35.808Z
19,Clear,2022-07-10T20:56:26.364Z
19,Clear,2022-07-10T19:56:36.691Z
27,Sunny,2022-07-10T18:56:18.977Z
27,Sunny,2022-07-10T17:56:23.062Z
27,Sunny,2022-07-10T17:01:34.127Z
25,Sunny,2022-07-10T15:56:34.194Z
25,Sunny,2022-07-10T14:56:31.039Z
26,Sunny,2022-07-10T13:56:21.731Z
26,Sunny,2022-07-10T13:13:18.427Z
22,Partly cloudy,2022-07-10T09:56:34.765Z
22,Partly cloudy,2022-07-10T08:56:23.039Z
14,Sunny,2022-07-10T07:56:36.438Z
14,Sunny,2022-07-10T06:56:24.062Z
14,Sunny,2022-07-10T05:56:27.566Z
14,Sunny,2022-07-10T05:00:35.993Z
15,Clear,2022-07-10T04:14:50.926Z
15,Clear,2022-07-10T03:01:35.692Z
21,Clear,2022-07-09T23:56:29.505Z
21,Clear,2022-07-09T21:56:39.993Z
25,Sunny,2022-07-09T20:56:25.280Z
25,Sunny,2022-07-09T19:56:43.903Z
25,Sunny,2022-07-09T17:56:32.283Z
26,Sunny,2022-07-09T17:01:20.416Z
26,Sunny,2022-07-09T15:56:41.196Z
26,Sunny,2022-07-09T14:56:29.907Z
26,Sunny,2022-07-09T13:56:30.240Z
23,Partly cloudy,2022-07-09T13:14:32.256Z
23,Partly cloudy,2022-07-09T11:56:38.043Z
23,Partly cloudy,2022-07-09T10:56:34.229Z
23,Partly cloudy,2022-07-09T09:56:28.651Z
18,Sunny,2022-07-09T08:56:29.074Z
18,Sunny,2022-07-09T06:56:20.499Z
18,Sunny,2022-07-09T05:56:34.601Z
19,Clear,2022-07-09T04:58:10.702Z
19,Clear,2022-07-09T04:08:45.973Z
19,Clear,2022-07-09T03:36:28.030Z
19,Clear,2022-07-09T02:46:07.947Z
21,Clear,2022-07-08T23:56:25.215Z
21,Clear,2022-07-08T22:56:43.161Z
25,Clear,2022-07-08T21:56:28.625Z
25,Clear,2022-07-08T20:56:27.712Z
25,Clear,2022-07-08T19:56:21.861Z
25,Clear,2022-07-08T18:56:50.603Z
26,Partly cloudy,2022-07-08T17:56:26.981Z
26,Partly cloudy,2022-07-08T17:14:03.725Z
26,Partly cloudy,2022-07-08T15:56:32.587Z
26,Partly cloudy,2022-07-08T14:56:45.955Z
26,Partly cloudy,2022-07-08T14:07:25.838Z
22,Partly cloudy,2022-07-08T13:24:23.130Z
22,Partly cloudy,2022-07-08T11:56:43.786Z
22,Partly cloudy,2022-07-08T10:56:31.412Z
18,Sunny,2022-07-08T09:56:33.845Z
18,Sunny,2022-07-08T09:06:25.340Z
18,Sunny,2022-07-08T07:56:35.331Z
18,Sunny,2022-07-08T06:57:16.084Z
18,Sunny,2022-07-08T05:56:33.054Z
18,Sunny,2022-07-08T05:13:31.928Z
18,Sunny,2022-07-08T04:26:36.611Z
21,Clear,2022-07-07T23:56:34.919Z
23,Clear,2022-07-07T22:56:26.786Z
23,Clear,2022-07-07T21:56:22.119Z
23,Clear,2022-07-07T20:56:32.381Z
23,Clear,2022-07-07T19:56:38.733Z
29,Sunny,2022-07-07T18:57:34.847Z
29,Sunny,2022-07-07T17:14:21.756Z
29,Sunny,2022-07-07T15:56:33.480Z
28,Sunny,2022-07-07T14:56:32.938Z
28,Sunny,2022-07-07T14:01:32.643Z
24,Sunny,2022-07-07T11:56:45.063Z
24,Sunny,2022-07-07T10:56:34.693Z
16,Sunny,2022-07-07T07:56:29.600Z
16,Sunny,2022-07-07T06:57:47.544Z
16,Sunny,2022-07-07T05:56:24.368Z
16,Sunny,2022-07-07T05:15:41.084Z
16,Sunny,2022-07-07T04:33:51.965Z
17,Clear,2022-07-07T03:06:52.441Z
21,Clear,2022-07-06T23:56:31.524Z
21,Clear,2022-07-06T22:56:36.674Z
21,Clear,2022-07-06T21:56:40.992Z
21,Clear,2022-07-06T20:56:21.884Z
27,Sunny,2022-07-06T19:56:30.244Z
27,Sunny,2022-07-06T18:58:07.868Z
27,Sunny,2022-07-06T17:56:26.644Z
27,Sunny,2022-07-06T17:20:33.812Z
28,Sunny,2022-07-06T15:56:54.939Z
28,Sunny,2022-07-06T14:56:36.374Z
28,Sunny,2022-07-06T14:02:02.873Z
28,Sunny,2022-07-06T13:30:46.863Z
25,Partly cloudy,2022-07-06T11:56:29.950Z
25,Partly cloudy,2022-07-06T10:56:31.763Z
25,Partly cloudy,2022-07-06T10:02:00.352Z
19,Sunny,2022-07-06T08:56:39.239Z
19,Sunny,2022-07-06T07:56:34.019Z
19,Sunny,2022-07-06T06:57:47.356Z
18,Partly cloudy,2022-07-06T05:16:12.096Z
18,Partly cloudy,2022-07-06T03:09:54.006Z
20,Clear,2022-07-05T23:56:25.106Z
20,Clear,2022-07-05T22:56:24.914Z
24,Rain with thunderstorm,2022-07-05T21:56:32.241Z
24,Rain with thunderstorm,2022-07-05T20:56:32.942Z
24,Rain with thunderstorm,2022-07-05T19:56:26.455Z
24,Rain with thunderstorm,2022-07-05T18:58:01.783Z
34,Sunny,2022-07-05T17:13:27.491Z
34,Sunny,2022-07-05T15:56:31.364Z
34,Sunny,2022-07-05T14:56:25.656Z
33,Sunny,2022-07-05T11:56:24.780Z
33,Sunny,2022-07-05T10:56:27.933Z
27,Sunny,2022-07-05T10:02:17.529Z
27,Sunny,2022-07-05T08:56:28.927Z
27,Sunny,2022-07-05T07:56:45.165Z
27,Sunny,2022-07-05T06:56:48.989Z
19,Sunny,2022-07-05T05:56:35.152Z
19,Sunny,2022-07-05T05:09:20.577Z
19,Sunny,2022-07-05T04:23:48.527Z
19,Sunny,2022-07-05T03:03:56.887Z
21,Clear,2022-07-04T23:56:31.679Z
26,Clear,2022-07-04T22:56:23.412Z
26,Clear,2022-07-04T21:56:37.724Z
26,Clear,2022-07-04T20:56:36.148Z
26,Clear,2022-07-04T19:56:44.922Z
35,Sunny,2022-07-04T18:56:39.707Z
35,Sunny,2022-07-04T17:56:33.125Z
35,Sunny,2022-07-04T17:09:29.931Z
35,Sunny,2022-07-04T14:56:26.786Z
34,Sunny,2022-07-04T13:58:42.722Z
34,Sunny,2022-07-04T13:27:11.620Z
34,Sunny,2022-07-04T11:56:31.387Z
31,Sunny,2022-07-04T11:06:30.927Z
31,Sunny,2022-07-04T09:56:24.357Z
31,Sunny,2022-07-04T09:07:10.126Z
23,Sunny,2022-07-04T07:56:38.270Z
23,Sunny,2022-07-04T06:59:32.860Z
23,Sunny,2022-07-04T05:56:25.818Z
23,Sunny,2022-07-04T05:18:28.148Z
23,Sunny,2022-07-04T04:34:32.744Z
23,Clear,2022-07-04T03:05:59.161Z
26,Clear,2022-07-03T23:56:33.179Z
26,Clear,2022-07-03T22:56:33.417Z
26,Clear,2022-07-03T21:56:24.554Z
26,Clear,2022-07-03T20:56:25.496Z
34,Sunny,2022-07-03T19:56:25.837Z
34,Sunny,2022-07-03T18:56:29.557Z
34,Sunny,2022-07-03T17:56:26.526Z
34,Sunny,2022-07-03T17:01:41.576Z
33,Sunny,2022-07-03T15:56:35.138Z
33,Sunny,2022-07-03T14:56:24.443Z
33,Sunny,2022-07-03T13:56:32.886Z
33,Sunny,2022-07-03T13:12:49.287Z
30,Sunny,2022-07-03T11:56:24.308Z
30,Sunny,2022-07-03T10:56:25.823Z
30,Sunny,2022-07-03T09:56:42.481Z
22,Sunny,2022-07-03T08:56:34.354Z
22,Sunny,2022-07-03T07:56:23.021Z
22,Sunny,2022-07-03T06:56:25.311Z
22,Sunny,2022-07-03T05:56:33.385Z
20,Clear,2022-07-03T05:00:17.450Z
20,Clear,2022-07-03T02:58:40.592Z
22,Clear,2022-07-02T23:56:32.636Z
22,Clear,2022-07-02T22:56:37.679Z
22,Clear,2022-07-02T21:56:32.962Z
27,Sunny,2022-07-02T20:56:31.027Z
27,Sunny,2022-07-02T18:56:19.092Z
29,Sunny,2022-07-02T17:56:34.234Z
29,Sunny,2022-07-02T17:01:28.060Z
29,Sunny,2022-07-02T15:56:33.621Z
29,Sunny,2022-07-02T14:56:29.526Z
26,Sunny,2022-07-02T13:56:31.332Z
26,Sunny,2022-07-02T13:12:12.118Z
26,Sunny,2022-07-02T11:56:30.082Z
26,Sunny,2022-07-02T10:56:24.953Z
26,Partly cloudy,2022-07-02T08:56:19.489Z
26,Partly cloudy,2022-07-02T07:56:19.282Z
26,Partly cloudy,2022-07-02T06:56:23.378Z
23,Clear,2022-07-02T05:56:28.257Z
23,Clear,2022-07-02T05:07:06.856Z
23,Clear,2022-07-02T04:23:05.896Z
23,Clear,2022-07-02T02:59:53.736Z
24,Clear,2022-07-01T23:56:25.222Z
28,Clear,2022-07-01T21:56:28.893Z
28,Clear,2022-07-01T20:56:34.370Z
28,Clear,2022-07-01T19:56:36.734Z
36,Sunny,2022-07-01T18:56:49.342Z
36,Sunny,2022-07-01T17:56:32.929Z
36,Sunny,2022-07-01T17:12:34.173Z
36,Sunny,2022-07-01T15:56:23.835Z
36,Sunny,2022-07-01T14:56:52.645Z
34,Partly cloudy,2022-07-01T11:56:41.651Z
29,Sunny,2022-07-01T10:56:36.594Z
29,Sunny,2022-07-01T09:56:38.961Z
29,Sunny,2022-07-01T08:56:42.781Z
29,Sunny,2022-07-01T07:56:29.207Z
22,Sunny,2022-07-01T06:58:12.506Z
22,Sunny,2022-07-01T06:06:57.971Z
22,Sunny,2022-07-01T05:23:58.780Z
22,Sunny,2022-07-01T04:43:18.995Z
24,Clear,2022-07-01T03:12:27.355Z
27,Clear,2022-06-30T23:56:36.863Z
27,Clear,2022-06-30T22:56:40.245Z
27,Clear,2022-06-30T21:56:34.547Z
27,Clear,2022-06-30T20:56:27.544Z
35,Sunny,2022-06-30T19:56:24.834Z
35,Sunny,2022-06-30T18:58:39.427Z
35,Sunny,2022-06-30T17:56:25.250Z
35,Sunny,2022-06-30T17:13:16.210Z
35,Sunny,2022-06-30T15:57:06.479Z
35,Sunny,2022-06-30T14:56:32.343Z
34,Sunny,2022-06-30T13:59:04.407Z
34,Sunny,2022-06-30T13:26:52.896Z
30,Sunny,2022-06-30T11:56:40.647Z
30,Sunny,2022-06-30T10:56:25.794Z
30,Sunny,2022-06-30T09:56:31.637Z
22,Sunny,2022-06-30T07:56:30.771Z
22,Sunny,2022-06-30T06:59:33.590Z
22,Sunny,2022-06-30T05:56:25.227Z
22,Sunny,2022-06-30T05:13:59.436Z
23,Clear,2022-06-30T04:23:19.066Z
23,Clear,2022-06-30T03:02:04.021Z
25,Clear,2022-06-29T23:56:36.395Z
25,Clear,2022-06-29T22:56:27.049Z
25,Clear,2022-06-29T21:56:29.800Z
32,Sunny,2022-06-29T19:56:35.872Z
32,Sunny,2022-06-29T18:59:07.389Z
32,Sunny,2022-06-29T18:09:06.525Z
34,Sunny,2022-06-29T17:31:41.964Z
34,Sunny,2022-06-29T16:21:18.353Z
34,Sunny,2022-06-29T15:37:20.136Z
34,Sunny,2022-06-29T14:00:27.983Z
32,Sunny,2022-06-29T10:56:24.998Z
26,Sunny,2022-06-29T09:56:47.997Z
26,Sunny,2022-06-29T08:57:07.415Z
26,Sunny,2022-06-29T07:56:29.649Z
26,Sunny,2022-06-29T06:57:06.962Z
19,Sunny,2022-06-29T05:16:32.730Z
19,Sunny,2022-06-29T04:31:42.315Z
19,Sunny,2022-06-29T03:04:09.726Z
22,Clear,2022-06-28T23:56:28.981Z
22,Clear,2022-06-28T22:56:47.590Z
27,Clear,2022-06-28T21:56:25.427Z
27,Clear,2022-06-28T20:56:27.115Z
27,Clear,2022-06-28T19:56:44.493Z
27,Clear,2022-06-28T19:00:26.564Z
33,Sunny,2022-06-28T17:56:37.872Z
33,Sunny,2022-06-28T17:12:36.724Z
33,Sunny,2022-06-28T15:56:43.842Z
32,Sunny,2022-06-28T14:56:28.590Z
32,Sunny,2022-06-28T13:59:48.779Z
33,Sunny,2022-06-28T13:28:42.815Z
33,Sunny,2022-06-28T11:56:43.300Z
29,Sunny,2022-06-28T10:56:27.760Z
29,Sunny,2022-06-28T09:56:27.279Z
29,Sunny,2022-06-28T08:58:00.612Z
29,Sunny,2022-06-28T07:56:36.160Z
20,Sunny,2022-06-28T06:57:15.488Z
20,Sunny,2022-06-28T05:15:38.841Z
20,Sunny,2022-06-28T04:28:12.368Z
24,Clear,2022-06-27T22:56:26.125Z
24,Clear,2022-06-27T21:56:29.954Z
24,Clear,2022-06-27T20:56:27.404Z
32,Sunny,2022-06-27T19:56:44.812Z
32,Sunny,2022-06-27T19:00:30.208Z
32,Sunny,2022-06-27T17:56:37.242Z
32,Sunny,2022-06-27T17:11:28.568Z
32,Sunny,2022-06-27T15:56:28.509Z
32,Sunny,2022-06-27T14:02:37.538Z
32,Sunny,2022-06-27T13:30:59.335Z
29,Partly cloudy,2022-06-27T11:56:30.603Z
29,Partly cloudy,2022-06-27T10:56:28.377Z
29,Partly cloudy,2022-06-27T09:56:30.105Z
29,Partly cloudy,2022-06-27T08:56:36.063Z
22,Sunny,2022-06-27T07:56:31.539Z
22,Sunny,2022-06-27T06:59:53.369Z
22,Sunny,2022-06-27T05:56:26.638Z
22,Sunny,2022-06-27T05:19:28.268Z
18,Clear,2022-06-27T04:37:52.233Z
18,Clear,2022-06-27T03:02:47.888Z
22,Clear,2022-06-26T23:56:23.930Z
22,Clear,2022-06-26T22:56:29.448Z
29,Sunny,2022-06-26T20:56:18.752Z
29,Sunny,2022-06-26T19:56:28.034Z
29,Sunny,2022-06-26T18:56:19.773Z
29,Sunny,2022-06-26T17:56:34.816Z
30,Sunny,2022-06-26T17:01:22.075Z
30,Sunny,2022-06-26T15:56:23.409Z
30,Sunny,2022-06-26T14:56:26.119Z
30,Sunny,2022-06-26T13:56:20.936Z
27,Partly cloudy,2022-06-26T13:12:50.908Z
27,Partly cloudy,2022-06-26T11:56:31.512Z
27,Partly cloudy,2022-06-26T10:56:32.891Z
21,Sunny,2022-06-26T08:56:25.964Z
21,Sunny,2022-06-26T07:56:29.255Z
21,Sunny,2022-06-26T06:56:22.664Z
16,Clear,2022-06-26T05:02:08.230Z
16,Clear,2022-06-26T03:02:36.600Z
19,Clear,2022-06-25T23:56:21.447Z
19,Clear,2022-06-25T22:56:37.096Z
20,Clear,2022-06-25T21:56:33.732Z
20,Clear,2022-06-25T20:56:31.772Z
20,Clear,2022-06-25T19:56:27.189Z
20,Clear,2022-06-25T18:56:21.423Z
25,Rain shower,2022-06-25T17:56:24.308Z
25,Rain shower,2022-06-25T15:56:34.296Z
30,Rain shower,2022-06-25T14:56:44.660Z
31,Sunny,2022-06-25T13:56:25.816Z
31,Sunny,2022-06-25T13:12:18.322Z
31,Sunny,2022-06-25T11:56:24.810Z
26,Sunny,2022-06-25T10:56:29.908Z
26,Sunny,2022-06-25T09:56:28.793Z
26,Sunny,2022-06-25T07:56:38.941Z
18,Sunny,2022-06-25T06:56:22.241Z
18,Sunny,2022-06-25T05:00:13.008Z
18,Sunny,2022-06-25T04:14:46.214Z
20,Clear,2022-06-25T02:58:02.548Z
20,Clear,2022-06-24T23:56:33.512Z
23,Clear,2022-06-24T22:57:35.351Z
23,Clear,2022-06-24T21:56:33.951Z
23,Clear,2022-06-24T20:56:29.916Z
29,Sunny,2022-06-24T19:56:35.441Z
29,Sunny,2022-06-24T18:56:52.587Z
29,Sunny,2022-06-24T17:56:30.286Z
29,Sunny,2022-06-24T17:09:31.194Z
29,Sunny,2022-06-24T15:56:26.137Z
29,Sunny,2022-06-24T14:56:35.042Z
29,Sunny,2022-06-24T13:58:46.720Z
29,Sunny,2022-06-24T13:27:09.987Z
25,Sunny,2022-06-24T11:56:41.309Z
25,Sunny,2022-06-24T10:56:41.359Z
25,Sunny,2022-06-24T09:56:23.948Z
25,Sunny,2022-06-24T08:56:57.064Z
16,Clear,2022-06-24T02:55:46.165Z
19,Clear,2022-06-23T23:56:32.645Z
19,Clear,2022-06-23T22:56:21.776Z
19,Clear,2022-06-23T21:56:23.663Z
24,Sunny,2022-06-23T20:56:39.690Z
24,Sunny,2022-06-23T19:56:25.997Z
24,Sunny,2022-06-23T18:58:10.274Z
24,Sunny,2022-06-23T17:56:32.687Z
24,Partly cloudy,2022-06-23T15:56:35.002Z
24,Partly cloudy,2022-06-23T14:56:29.153Z
24,Partly cloudy,2022-06-23T13:59:24.781Z
20,Partly cloudy,2022-06-23T13:29:04.928Z
20,Partly cloudy,2022-06-23T11:56:37.493Z
20,Partly cloudy,2022-06-23T10:56:33.251Z
20,Partly cloudy,2022-06-23T09:56:25.777Z
19,"Light rain, rain shower",2022-06-23T08:57:53.922Z
19,"Light rain, rain shower",2022-06-23T07:56:25.173Z
19,"Light rain, rain shower",2022-06-23T06:57:58.532Z
18,Light rain with thunderstorm,2022-06-23T05:56:33.816Z
18,Light rain with thunderstorm,2022-06-23T05:11:06.849Z
18,Light rain with thunderstorm,2022-06-23T04:19:59.593Z
21,Clear,2022-06-22T23:56:38.250Z
21,Clear,2022-06-22T22:56:25.720Z
26,Partly cloudy,2022-06-22T21:56:47.366Z
26,Partly cloudy,2022-06-22T20:56:29.220Z
26,Partly cloudy,2022-06-22T19:56:20.806Z
26,Partly cloudy,2022-06-22T18:58:07.614Z
28,Sunny,2022-06-22T17:56:42.304Z
28,Sunny,2022-06-22T17:13:49.655Z
28,Sunny,2022-06-22T14:56:40.538Z
28,Sunny,2022-06-22T13:59:50.147Z
25,Sunny,2022-06-22T13:26:12.641Z
25,Sunny,2022-06-22T11:56:36.665Z
20,Sunny,2022-06-22T10:56:26.362Z
20,Sunny,2022-06-22T09:56:35.601Z
20,Sunny,2022-06-22T08:58:06.524Z
20,Sunny,2022-06-22T07:56:26.818Z
20,Sunny,2022-06-22T06:57:05.434Z
20,Sunny,2022-06-22T05:56:33.501Z
20,Partly cloudy,2022-06-22T05:09:32.805Z
20,Partly cloudy,2022-06-22T04:20:15.197Z
22,Partly cloudy,2022-06-22T02:55:47.002Z
22,Partly cloudy,2022-06-21T23:56:28.342Z
23,Clear,2022-06-21T22:56:28.418Z
23,Clear,2022-06-21T21:56:31.555Z
29,Sunny,2022-06-21T17:56:51.214Z
29,Sunny,2022-06-21T17:18:31.826Z
31,Sunny,2022-06-21T15:56:33.308Z
28,Sunny,2022-06-21T11:56:37.166Z
28,Sunny,2022-06-21T11:01:48.385Z
28,Sunny,2022-06-21T10:10:13.539Z
28,Sunny,2022-06-21T09:01:29.316Z
21,Sunny,2022-06-21T06:58:25.809Z
21,Sunny,2022-06-21T05:56:26.721Z
21,Sunny,2022-06-21T05:10:32.127Z
19,Clear,2022-06-21T04:21:09.662Z
19,Clear,2022-06-21T03:50:49.956Z
19,Clear,2022-06-21T02:53:16.763Z
23,Clear,2022-06-20T23:56:38.706Z
23,Clear,2022-06-20T22:56:32.753Z
23,Clear,2022-06-20T21:56:27.875Z
32,Sunny,2022-06-20T19:56:28.040Z
32,Sunny,2022-06-20T18:56:53.739Z
32,Sunny,2022-06-20T17:56:31.025Z
33,Sunny,2022-06-20T17:09:46.296Z
33,Sunny,2022-06-20T15:56:36.019Z
33,Sunny,2022-06-20T13:59:11.293Z
33,Sunny,2022-06-20T13:26:08.936Z
30,Sunny,2022-06-20T11:56:35.849Z
30,Sunny,2022-06-20T11:01:17.515Z
30,Sunny,2022-06-20T09:57:01.647Z
22,Sunny,2022-06-20T08:57:19.384Z
22,Sunny,2022-06-20T07:56:24.744Z
22,Sunny,2022-06-20T07:00:10.400Z
22,Sunny,2022-06-20T05:56:29.800Z
16,Clear,2022-06-20T05:00:14.567Z
16,Clear,2022-06-20T04:10:50.273Z
16,Clear,2022-06-20T03:37:08.449Z
16,Clear,2022-06-20T02:45:38.271Z
19,Clear,2022-06-19T23:56:25.563Z
19,Clear,2022-06-19T22:56:23.395Z
27,Sunny,2022-06-19T21:56:27.298Z
27,Sunny,2022-06-19T20:56:36.159Z
27,Sunny,2022-06-19T19:56:30.572Z
27,Sunny,2022-06-19T18:56:23.856Z
30,Sunny,2022-06-19T17:56:29.104Z
30,Sunny,2022-06-19T17:00:42.037Z
30,Sunny,2022-06-19T15:56:25.238Z
30,Sunny,2022-06-19T14:56:21.907Z
28,Sunny,2022-06-19T13:56:29.305Z
28,Sunny,2022-06-19T13:12:21.372Z
28,Sunny,2022-06-19T11:56:22.836Z
28,Sunny,2022-06-19T10:56:27.327Z
22,Sunny,2022-06-19T09:56:38.833Z
22,Sunny,2022-06-19T08:56:21.871Z
22,Sunny,2022-06-19T07:56:35.108Z
13,Sunny,2022-06-19T05:56:28.248Z
13,Sunny,2022-06-19T05:02:30.676Z
15,Clear,2022-06-19T03:03:05.585Z
15,Clear,2022-06-18T23:56:33.541Z
21,Sunny,2022-06-18T22:56:27.675Z
21,Sunny,2022-06-18T21:56:37.011Z
21,Sunny,2022-06-18T20:56:37.441Z
21,Sunny,2022-06-18T19:56:30.783Z
28,Sunny,2022-06-18T18:57:33.884Z
28,Sunny,2022-06-18T17:56:25.211Z
28,Sunny,2022-06-18T17:00:35.814Z
28,Sunny,2022-06-18T14:56:28.148Z
27,Sunny,2022-06-18T13:56:29.174Z
27,Sunny,2022-06-18T13:13:12.909Z
21,Sunny,2022-06-18T11:56:24.854Z
21,Sunny,2022-06-18T10:56:33.588Z
21,Sunny,2022-06-18T09:56:26.867Z
16,Sunny,2022-06-18T07:56:29.969Z
16,Sunny,2022-06-18T06:56:23.629Z
16,Sunny,2022-06-18T04:58:15.284Z
16,Clear,2022-06-18T04:10:13.216Z
16,Clear,2022-06-18T03:37:38.341Z
16,Clear,2022-06-18T02:49:04.696Z
19,Clear,2022-06-17T23:56:28.495Z
19,Clear,2022-06-17T22:56:34.175Z
19,Clear,2022-06-17T21:56:34.294Z
19,Clear,2022-06-17T20:56:36.338Z
25,Sunny,2022-06-17T19:56:27.907Z
25,Sunny,2022-06-17T18:57:25.436Z
25,Sunny,2022-06-17T17:56:33.081Z
25,Sunny,2022-06-17T17:04:16.544Z
28,Sunny,2022-06-17T15:56:23.324Z
28,Sunny,2022-06-17T13:56:34.639Z
28,Sunny,2022-06-17T13:21:19.344Z
26,Partly cloudy,2022-06-17T11:56:31.911Z
26,Partly cloudy,2022-06-17T10:56:27.375Z
26,Partly cloudy,2022-06-17T09:56:26.329Z
19,Sunny,2022-06-17T08:56:31.780Z
19,Sunny,2022-06-17T08:01:26.605Z
19,Sunny,2022-06-17T06:56:23.577Z
17,Clear,2022-06-17T04:17:46.969Z
17,Clear,2022-06-17T03:44:18.511Z
17,Clear,2022-06-17T02:52:42.787Z
19,Clear,2022-06-16T22:56:32.557Z
27,Clear,2022-06-16T21:56:34.365Z
27,Clear,2022-06-16T20:56:22.275Z
27,Clear,2022-06-16T19:56:38.230Z
29,Sunny,2022-06-16T17:56:32.744Z
29,Sunny,2022-06-16T15:56:31.361Z
29,Sunny,2022-06-16T14:56:31.169Z
27,Sunny,2022-06-16T13:58:02.698Z
27,Sunny,2022-06-16T13:23:37.864Z
27,Sunny,2022-06-16T11:56:44.731Z
27,Sunny,2022-06-16T10:56:28.291Z
24,Sunny,2022-06-16T08:58:19.993Z
24,Sunny,2022-06-16T07:56:58.937Z
21,Sunny,2022-06-16T06:56:23.660Z
13,Sunny,2022-06-16T05:56:38.649Z
13,Sunny,2022-06-16T05:06:30.523Z
13,Sunny,2022-06-16T04:19:37.362Z
13,Sunny,2022-06-16T03:44:56.101Z
15,Clear,2022-06-16T02:50:30.556Z
15,Clear,2022-06-15T23:56:28.932Z
21,Clear,2022-06-15T22:56:44.003Z
21,Clear,2022-06-15T21:56:35.493Z
21,Clear,2022-06-15T20:56:34.872Z
21,Clear,2022-06-15T19:56:49.689Z
27,Sunny,2022-06-15T18:56:54.501Z
27,Sunny,2022-06-15T17:56:32.406Z
27,Sunny,2022-06-15T17:04:14.394Z
27,Sunny,2022-06-15T15:56:36.600Z
27,Sunny,2022-06-15T14:56:48.459Z
26,Sunny,2022-06-15T13:58:32.593Z
26,Sunny,2022-06-15T13:23:49.309Z
26,Sunny,2022-06-15T11:56:32.122Z
22,Sunny,2022-06-15T10:56:36.298Z
22,Sunny,2022-06-15T09:56:48.588Z
22,Sunny,2022-06-15T08:56:36.336Z
13,Sunny,2022-06-15T07:56:44.336Z
13,Sunny,2022-06-15T06:56:38.517Z
13,Sunny,2022-06-15T05:56:56.976Z
13,Sunny,2022-06-15T05:09:04.348Z
14,Clear,2022-06-15T02:58:56.380Z
16,Clear,2022-06-14T23:56:30.258Z
16,Clear,2022-06-14T22:56:58.901Z
16,Clear,2022-06-14T21:56:37.852Z
16,Clear,2022-06-14T20:56:36.435Z
24,Sunny,2022-06-14T19:56:55.264Z
24,Sunny,2022-06-14T18:56:40.731Z
24,Sunny,2022-06-14T17:56:35.886Z
24,Sunny,2022-06-14T17:08:17.408Z
24,Sunny,2022-06-14T15:56:35.980Z
24,Sunny,2022-06-14T14:57:20.639Z
25,Sunny,2022-06-14T13:56:41.044Z
25,Sunny,2022-06-14T13:22:14.443Z
23,Partly cloudy,2022-06-14T11:56:28.332Z
23,Partly cloudy,2022-06-14T10:56:37.491Z
23,Partly cloudy,2022-06-14T09:56:43.023Z
19,Sunny,2022-06-14T08:56:38.430Z
19,Sunny,2022-06-14T07:56:53.702Z
19,Sunny,2022-06-14T06:57:50.574Z
21,Clear,2022-06-14T03:00:26.022Z
21,Clear,2022-06-13T23:56:39.533Z
21,Clear,2022-06-13T22:56:39.413Z
21,Clear,2022-06-13T21:56:39.051Z
28,Sunny,2022-06-13T20:56:33.953Z
28,Sunny,2022-06-13T19:56:47.059Z
28,Sunny,2022-06-13T18:57:07.457Z
29,Sunny,2022-06-13T17:56:30.423Z
29,Sunny,2022-06-13T17:10:06.725Z
29,Sunny,2022-06-13T15:59:06.003Z
28,Partly cloudy,2022-06-13T13:58:14.536Z
21,Sunny,2022-06-13T08:56:33.933Z
21,Sunny,2022-06-13T07:56:51.868Z
21,Sunny,2022-06-13T06:56:49.453Z
15,Sunny,2022-06-13T05:56:36.207Z
15,Sunny,2022-06-13T05:12:17.476Z
15,Sunny,2022-06-13T04:24:30.921Z
15,Sunny,2022-06-13T03:49:25.619Z
15,Sunny,2022-06-13T02:54:07.115Z
22,Clear,2022-06-12T23:56:51.082Z
24,Clear,2022-06-12T22:56:27.634Z
24,Clear,2022-06-12T21:56:31.623Z
24,Clear,2022-06-12T20:56:31.657Z
24,Clear,2022-06-12T19:56:34.476Z
29,Sunny,2022-06-12T18:56:38.776Z
29,Sunny,2022-06-12T17:56:37.866Z
29,Sunny,2022-06-12T17:00:10.945Z
29,Sunny,2022-06-12T15:56:35.452Z
29,Sunny,2022-06-12T14:56:38.735Z
27,Sunny,2022-06-12T13:56:51.087Z
27,Sunny,2022-06-12T13:11:06.451Z
27,Sunny,2022-06-12T11:56:48.036Z
23,Sunny,2022-06-12T10:56:28.679Z
23,Sunny,2022-06-12T09:56:41.732Z
23,Sunny,2022-06-12T08:56:31.734Z
23,Sunny,2022-06-12T07:56:31.975Z
17,Sunny,2022-06-12T06:56:30.628Z
17,Sunny,2022-06-12T05:56:38.992Z
17,Sunny,2022-06-12T04:57:51.843Z
19,Clear,2022-06-12T03:38:27.757Z
19,Clear,2022-06-12T02:54:18.682Z
22,Partly cloudy,2022-06-11T23:56:33.990Z
22,Partly cloudy,2022-06-11T22:56:40.091Z
22,Partly cloudy,2022-06-11T21:56:51.567Z
22,Partly cloudy,2022-06-11T20:56:33.144Z
27,"Thunderstorm, rain with thunderstorm",2022-06-11T19:56:34.417Z
27,"Thunderstorm, rain with thunderstorm",2022-06-11T18:56:35.121Z
27,"Thunderstorm, rain with thunderstorm",2022-06-11T17:56:30.496Z
27,"Thunderstorm, rain with thunderstorm",2022-06-11T16:59:38.698Z
26,Partly cloudy,2022-06-11T15:56:31.048Z
26,Partly cloudy,2022-06-11T14:56:44.548Z
27,Partly cloudy,2022-06-11T13:11:39.878Z
24,Partly cloudy,2022-06-11T11:56:45.795Z
24,Partly cloudy,2022-06-11T10:56:35.158Z
24,Partly cloudy,2022-06-11T09:56:43.358Z
19,Partly cloudy,2022-06-11T07:56:33.283Z
19,Partly cloudy,2022-06-11T06:56:39.646Z
19,Partly cloudy,2022-06-11T05:56:32.566Z
17,Clear,2022-06-11T04:56:51.370Z
17,Clear,2022-06-11T04:06:41.123Z
17,Clear,2022-06-11T03:36:03.848Z
17,Clear,2022-06-11T02:44:22.374Z
19,Clear,2022-06-10T23:56:30.878Z
19,Clear,2022-06-10T22:56:40.051Z
19,Clear,2022-06-10T21:56:38.816Z
21,Partly cloudy,2022-06-10T20:56:44.332Z
21,Partly cloudy,2022-06-10T19:56:45.277Z
21,Partly cloudy,2022-06-10T18:56:44.912Z
21,Partly cloudy,2022-06-10T17:56:46.811Z
27,Partly cloudy,2022-06-10T17:08:19.494Z
27,Partly cloudy,2022-06-10T15:56:31.995Z
27,Partly cloudy,2022-06-10T14:56:38.271Z
24,Partly cloudy,2022-06-10T13:56:58.422Z
24,Partly cloudy,2022-06-10T11:56:45.956Z
24,Partly cloudy,2022-06-10T10:56:45.683Z
21,Sunny,2022-06-10T09:56:40.618Z
21,Sunny,2022-06-10T08:56:44.332Z
21,Sunny,2022-06-10T07:56:29.511Z
21,Sunny,2022-06-10T06:56:37.577Z
15,Clear,2022-06-10T05:56:40.556Z
15,Clear,2022-06-10T04:11:55.716Z
15,Clear,2022-06-10T03:38:27.321Z
15,Clear,2022-06-10T02:47:59.009Z
18,Clear,2022-06-09T23:56:31.474Z
18,Clear,2022-06-09T22:56:38.330Z
23,Clear,2022-06-09T21:56:37.395Z
23,Clear,2022-06-09T20:56:41.993Z
23,Clear,2022-06-09T19:56:47.608Z
25,Sunny,2022-06-09T18:56:37.087Z
26,Sunny,2022-06-09T17:09:07.648Z
26,Sunny,2022-06-09T15:56:32.733Z
26,Sunny,2022-06-09T14:56:37.041Z
26,Partly cloudy,2022-06-09T13:27:20.872Z
26,Partly cloudy,2022-06-09T11:56:34.603Z
21,Partly cloudy,2022-06-09T10:56:41.188Z
21,Partly cloudy,2022-06-09T09:56:46.139Z
21,Partly cloudy,2022-06-09T08:56:53.681Z
21,Partly cloudy,2022-06-09T07:56:37.859Z
16,Sunny,2022-06-09T06:56:31.183Z
16,Sunny,2022-06-09T05:56:41.803Z
16,Sunny,2022-06-09T05:00:56.098Z
16,Sunny,2022-06-09T04:15:50.996Z
17,Partly cloudy,2022-06-09T03:43:45.007Z
18,Light rain,2022-06-08T23:56:35.459Z
18,Light rain,2022-06-08T22:56:50.324Z
18,Light rain,2022-06-08T21:56:34.051Z
18,Light rain,2022-06-08T20:56:45.385Z
24,Partly cloudy,2022-06-08T18:56:36.424Z
24,Partly cloudy,2022-06-08T17:56:37.155Z
24,Partly cloudy,2022-06-08T15:56:39.305Z
24,Partly cloudy,2022-06-08T14:57:12.540Z
24,Partly cloudy,2022-06-08T13:59:28.462Z
23,Partly cloudy,2022-06-08T13:28:10.101Z
23,Rain shower,2022-06-08T11:56:34.961Z
23,Rain shower,2022-06-08T09:56:45.198Z
23,Rain shower,2022-06-08T08:56:39.886Z
20,Sunny,2022-06-08T07:56:33.238Z
20,Sunny,2022-06-08T06:56:30.375Z
20,Sunny,2022-06-08T05:01:07.553Z
19,Clear,2022-06-08T04:17:13.448Z
19,Clear,2022-06-08T02:48:56.726Z
22,Clear,2022-06-07T23:56:43.148Z
22,Clear,2022-06-07T22:56:32.856Z
22,Clear,2022-06-07T21:56:28.268Z
27,Sunny,2022-06-07T20:56:40.836Z
29,Sunny,2022-06-07T17:13:33.280Z
29,Sunny,2022-06-07T16:01:40.917Z
29,Sunny,2022-06-07T13:57:35.479Z
28,Partly cloudy,2022-06-07T10:56:28.706Z
22,Sunny,2022-06-07T08:56:35.628Z
22,Sunny,2022-06-07T07:56:31.351Z
22,Sunny,2022-06-07T07:01:25.944Z
16,Clear,2022-06-07T05:56:31.206Z
16,Clear,2022-06-07T04:58:42.389Z
16,Clear,2022-06-07T04:11:47.227Z
16,Clear,2022-06-07T03:42:19.410Z
16,Clear,2022-06-07T02:42:35.129Z
19,Clear,2022-06-06T23:56:40.911Z
19,Clear,2022-06-06T22:56:27.815Z
23,Clear,2022-06-06T21:56:41.293Z
23,Clear,2022-06-06T20:56:57.000Z
23,Clear,2022-06-06T18:56:43.703Z
24,Sunny,2022-06-06T17:56:42.748Z
24,Sunny,2022-06-06T17:08:31.808Z
24,Sunny,2022-06-06T15:56:35.806Z
27,Sunny,2022-06-06T14:56:35.487Z
27,Sunny,2022-06-06T13:59:18.576Z
25,Sunny,2022-06-06T13:27:06.227Z
25,Sunny,2022-06-06T11:56:46.497Z
22,Partly cloudy,2022-06-06T10:56:38.332Z
22,Partly cloudy,2022-06-06T09:56:30.866Z
22,Partly cloudy,2022-06-06T08:56:32.464Z
22,Partly cloudy,2022-06-06T07:56:27.730Z
20,Sunny,2022-06-06T05:56:30.489Z
20,Sunny,2022-06-06T05:02:27.483Z
20,Sunny,2022-06-06T04:17:36.173Z
22,Clear,2022-06-06T02:46:11.817Z
22,Clear,2022-06-05T23:56:34.385Z
25,Clear,2022-06-05T22:56:36.614Z
25,Clear,2022-06-05T21:56:32.581Z
25,Clear,2022-06-05T20:56:44.619Z
31,Sunny,2022-06-05T19:56:32.034Z
31,Sunny,2022-06-05T18:56:37.019Z
31,Sunny,2022-06-05T17:56:42.472Z
31,Sunny,2022-06-05T16:59:42.076Z
30,Sunny,2022-06-05T15:56:34.917Z
31,Sunny,2022-06-05T13:56:40.950Z
31,Sunny,2022-06-05T13:11:05.822Z
28,Sunny,2022-06-05T10:56:34.738Z
28,Sunny,2022-06-05T09:56:32.473Z
28,Sunny,2022-06-05T08:56:32.106Z
19,Sunny,2022-06-05T07:56:31.887Z
19,Sunny,2022-06-05T06:56:31.481Z
19,Sunny,2022-06-05T05:56:38.545Z
19,Sunny,2022-06-05T04:57:49.591Z
19,Clear,2022-06-05T03:58:18.299Z
19,Clear,2022-06-05T03:27:30.446Z
19,Clear,2022-06-05T02:41:18.719Z
23,Clear,2022-06-04T22:56:29.257Z
23,Clear,2022-06-04T21:56:29.633Z
29,Sunny,2022-06-04T20:56:45.731Z
29,Sunny,2022-06-04T19:56:50.337Z
29,Sunny,2022-06-04T18:56:37.782Z
29,Sunny,2022-06-04T17:56:40.472Z
32,Partly cloudy,2022-06-04T16:59:15.368Z
32,Partly cloudy,2022-06-04T15:56:35.912Z
32,Partly cloudy,2022-06-04T14:56:45.006Z
32,Partly cloudy,2022-06-04T13:56:38.482Z
30,Sunny,2022-06-04T13:10:05.228Z
30,Sunny,2022-06-04T11:56:34.987Z
30,Sunny,2022-06-04T10:56:29.148Z
30,Sunny,2022-06-04T09:56:44.394Z
25,Sunny,2022-06-04T07:56:33.459Z
25,Sunny,2022-06-04T06:56:26.537Z
20,Clear,2022-06-04T05:56:31.144Z
20,Clear,2022-06-04T04:56:33.118Z
20,Clear,2022-06-04T03:57:24.421Z
20,Clear,2022-06-04T03:29:53.122Z
20,Clear,2022-06-04T02:30:20.220Z
21,Clear,2022-06-03T23:56:41.379Z
21,Clear,2022-06-03T22:56:40.507Z
26,Clear,2022-06-03T21:56:31.201Z
26,Clear,2022-06-03T20:56:31.613Z
26,Clear,2022-06-03T19:56:35.787Z
26,Clear,2022-06-03T18:56:46.381Z
30,Sunny,2022-06-03T14:56:33.477Z
29,Sunny,2022-06-03T13:56:33.444Z
29,Sunny,2022-06-03T13:21:11.219Z
29,Sunny,2022-06-03T11:56:52.899Z
24,Sunny,2022-06-03T10:56:32.378Z
24,Sunny,2022-06-03T09:56:51.255Z
24,Sunny,2022-06-03T08:56:43.886Z
17,Sunny,2022-06-03T06:56:32.382Z
17,Sunny,2022-06-03T05:56:51.521Z
17,Sunny,2022-06-03T04:56:47.145Z
17,Sunny,2022-06-03T04:00:36.131Z
17,Sunny,2022-06-03T03:35:16.471Z
18,Clear,2022-06-03T02:39:48.685Z
18,Clear,2022-06-02T23:56:38.044Z
22,Clear,2022-06-02T22:56:52.560Z
22,Clear,2022-06-02T21:56:38.381Z
22,Clear,2022-06-02T20:56:49.546Z
22,Clear,2022-06-02T19:56:43.409Z
29,Partly cloudy,2022-06-02T18:56:35.143Z
29,Partly cloudy,2022-06-02T17:56:49.304Z
29,Partly cloudy,2022-06-02T17:17:08.036Z
29,Partly cloudy,2022-06-02T16:02:36.915Z
27,"Thunderstorm, rain with thunderstorm",2022-06-02T14:56:33.588Z
27,Sunny,2022-06-02T11:56:37.230Z
27,Sunny,2022-06-02T10:56:33.571Z
27,Sunny,2022-06-02T09:56:43.814Z
27,Sunny,2022-06-02T08:57:57.884Z
22,Sunny,2022-06-02T07:56:48.136Z
22,Sunny,2022-06-02T07:01:00.592Z
22,Sunny,2022-06-02T05:57:27.260Z
22,Sunny,2022-06-02T05:21:02.578Z
19,Clear,2022-06-02T03:01:33.385Z
20,Clear,2022-06-01T23:56:34.919Z
20,Clear,2022-06-01T22:56:30.118Z
20,Clear,2022-06-01T21:56:43.225Z
27,Sunny,2022-06-01T20:56:33.779Z
27,Sunny,2022-06-01T19:56:41.631Z
27,Sunny,2022-06-01T18:59:29.584Z
27,Sunny,2022-06-01T17:56:41.011Z
27,Sunny,2022-06-01T17:13:55.211Z
28,Sunny,2022-06-01T15:58:47.733Z
28,Sunny,2022-06-01T14:57:03.737Z
28,Sunny,2022-06-01T14:18:31.960Z
28,Sunny,2022-06-01T13:36:21.216Z
25,Sunny,2022-06-01T11:56:47.288Z
25,Sunny,2022-06-01T10:57:16.376Z
25,Sunny,2022-06-01T09:59:53.224Z
19,Sunny,2022-06-01T09:01:58.901Z
19,Sunny,2022-06-01T07:57:02.891Z
19,Sunny,2022-06-01T07:02:21.265Z
19,Sunny,2022-06-01T06:12:22.481Z
18,Clear,2022-05-31T23:56:45.361Z
18,Clear,2022-05-31T22:56:28.318Z
21,Clear,2022-05-31T21:56:38.750Z
21,Clear,2022-05-31T20:56:34.864Z
21,Clear,2022-05-31T19:56:33.283Z
21,Clear,2022-05-31T18:58:24.854Z
23,Sunny,2022-05-31T17:56:54.309Z
23,Sunny,2022-05-31T17:16:51.147Z
23,Sunny,2022-05-31T15:59:47.345Z
23,Sunny,2022-05-31T14:56:47.019Z
22,Partly cloudy,2022-05-31T14:01:23.401Z
20,Sunny,2022-05-31T13:29:28.431Z
20,Sunny,2022-05-31T11:56:31.731Z
20,Sunny,2022-05-31T10:56:28.822Z
18,Rain shower,2022-05-31T09:56:40.927Z
18,Rain shower,2022-05-31T08:58:17.447Z
18,Rain shower,2022-05-31T07:56:33.269Z
15,Partly cloudy,2022-05-31T06:58:35.191Z
15,Partly cloudy,2022-05-31T05:56:36.625Z
15,Partly cloudy,2022-05-31T05:10:46.659Z
15,Partly cloudy,2022-05-31T04:19:14.461Z
14,Clear,2022-05-31T02:50:07.654Z
14,Clear,2022-05-30T23:56:31.785Z
15,Clear,2022-05-30T21:56:38.984Z
15,Clear,2022-05-30T20:56:35.588Z
15,Clear,2022-05-30T19:56:51.125Z
21,Sunny,2022-05-30T18:57:45.798Z
21,Sunny,2022-05-30T17:56:29.164Z
21,Sunny,2022-05-30T17:11:02.915Z
21,Sunny,2022-05-30T15:58:33.505Z
21,Sunny,2022-05-30T14:56:33.090Z
21,Sunny,2022-05-30T14:01:50.317Z
20,Partly cloudy,2022-05-30T13:31:37.941Z
15,Light rain,2022-05-30T11:56:49.865Z
15,Light rain,2022-05-30T10:56:37.191Z
15,Light rain,2022-05-30T09:56:48.288Z
15,Light rain,2022-05-30T08:58:04.904Z
13,Sunny,2022-05-30T07:56:39.452Z
13,Sunny,2022-05-30T07:02:03.164Z
13,Sunny,2022-05-30T05:56:41.102Z
14,Partly cloudy,2022-05-30T04:23:01.251Z
14,Partly cloudy,2022-05-30T02:57:47.307Z
12,Partly cloudy,2022-05-29T23:56:30.116Z
12,Partly cloudy,2022-05-29T22:56:30.094Z
12,Partly cloudy,2022-05-29T21:56:42.601Z
12,Partly cloudy,2022-05-29T20:56:43.341Z
15,Partly cloudy,2022-05-29T19:56:43.990Z
15,Partly cloudy,2022-05-29T18:56:43.639Z
15,Partly cloudy,2022-05-29T17:56:30.787Z
17,Partly cloudy,2022-05-29T15:56:30.042Z
17,Partly cloudy,2022-05-29T14:56:36.031Z
16,Light rain shower,2022-05-29T13:56:35.251Z
16,Light rain shower,2022-05-29T13:16:36.443Z
15,Partly cloudy,2022-05-29T11:56:41.649Z
15,Partly cloudy,2022-05-29T09:56:35.531Z
14,Partly cloudy,2022-05-29T08:56:28.441Z
14,Partly cloudy,2022-05-29T05:56:41.005Z
12,Clear,2022-05-29T05:08:56.014Z
12,Clear,2022-05-29T02:56:32.263Z
12,Light rain,2022-05-28T23:56:37.272Z
12,Light rain,2022-05-28T22:56:28.087Z
12,Light rain,2022-05-28T22:24:15.702Z
12,Light rain,2022-05-28T22:17:08.686Z
